instrument,date,close
EURGBP,2025-08-13,0.8621399998664856
EURGBP,2025-08-14,0.8610299825668335
EURGBP,2025-08-17,0.8634999990463257
EURGBP,2025-08-18,0.8637499809265137
EURGBP,2025-08-19,0.8632400035858154
EURGBP,2025-08-20,0.8652799725532532
EURGBP,2025-08-21,0.8654000163078308
EURGBP,2025-08-24,0.866599977016449
EURGBP,2025-08-25,0.8632699847221375
EURGBP,2025-08-26,0.8634999990463257
EURGBP,2025-08-27,0.8625100255012512
EURGBP,2025-08-28,0.8645399808883667
EURGBP,2025-08-31,0.8656799793243408
EURGBP,2025-09-01,0.8647000193595886
EURGBP,2025-09-02,0.8692399859428406
EURGBP,2025-09-03,0.8674600124359131
EURGBP,2025-09-04,0.8670099973678589
EURGBP,2025-09-07,0.8680400252342224
EURGBP,2025-09-08,0.8683300018310547
EURGBP,2025-09-09,0.8654999732971191
EURGBP,2025-09-10,0.8646600246429443
EURGBP,2025-09-11,0.8642600178718567
EURGBP,2025-09-14,0.8651300072669983
EURGBP,2025-09-15,0.8647599816322327
EURGBP,2025-09-16,0.86940997838974
EURGBP,2025-09-17,0.8676199913024902
EURGBP,2025-09-18,0.8696500062942505
EURGBP,2025-09-21,0.871649980545044
EURGBP,2025-09-22,0.8730999827384949
EURGBP,2025-09-23,0.8735899925231934
EURGBP,2025-09-24,0.8730000257492065
EURGBP,2025-09-25,0.8744500279426575
EURGBP,2025-09-28,0.8729900121688843
EURGBP,2025-09-29,0.8730999827384949
EURGBP,2025-09-30,0.8729400038719177
EURGBP,2025-10-01,0.8704100251197815
EURGBP,2025-10-02,0.8719300031661987
EURGBP,2025-10-05,0.8717799782752991
EURGBP,2025-10-06,0.8683599829673767
EURGBP,2025-10-07,0.8683000206947327
EURGBP,2025-10-08,0.8677899837493896
EURGBP,2025-10-09,0.8693299889564514
EURGBP,2025-10-12,0.8699600100517273
EURGBP,2025-10-13,0.8675000071525574
EURGBP,2025-10-14,0.8709400296211243
EURGBP,2025-10-15,0.8687899708747864
EURGBP,2025-10-16,0.8701199889183044
EURGBP,2025-10-19,0.8682500123977661
EURGBP,2025-10-20,0.8686100244522095
EURGBP,2025-10-21,0.867900013923645
EURGBP,2025-10-22,0.8693900108337402
EURGBP,2025-10-23,0.8716700077056885
EURGBP,2025-10-27,0.8730300068855286
EURGBP,2025-10-28,0.8733000159263611
EURGBP,2025-10-29,0.8778300285339355
EURGBP,2025-10-30,0.8792999982833862
EURGBP,2025-10-31,0.8793500065803528
EURGBP,2025-11-03,0.8776199817657471
EURGBP,2025-11-04,0.8769199848175049
EURGBP,2025-11-05,0.8820000290870667
EURGBP,2025-11-06,0.8807799816131592
EURGBP,2025-11-07,0.87882000207901
EURGBP,2025-11-10,0.8783400058746338
EURGBP,2025-11-11,0.8773099780082703
EURGBP,2025-11-12,0.8809199929237366
EURGBP,2025-11-13,0.8829399943351746
EURGBP,2025-11-14,0.8842200040817261
EURGBP,2025-11-17,0.8826000094413757
EURGBP,2025-11-18,0.8809700012207031
EURGBP,2025-11-19,0.8807600140571594
EURGBP,2025-11-20,0.8834199905395508
EURGBP,2025-11-21,0.8814700245857239
EURGBP,2025-11-24,0.8786500096321106
EURGBP,2025-11-25,0.8789100050926208
EURGBP,2025-11-26,0.8788400292396545
EURGBP,2025-11-27,0.8758999705314636
EURGBP,2025-11-28,0.8760200142860413
EURGBP,2025-12-01,0.8762400150299072
EURGBP,2025-12-02,0.8786799907684326
EURGBP,2025-12-03,0.8795700073242188
EURGBP,2025-12-04,0.8741000294685364
EURGBP,2025-12-05,0.8739299774169922
EURGBP,2025-12-08,0.8735399842262268
EURGBP,2025-12-09,0.8734400272369385
EURGBP,2025-12-10,0.8740299940109253
EURGBP,2025-12-11,0.8739100098609924
EURGBP,2025-12-12,0.876579999923706
EURGBP,2025-12-15,0.8780199885368347
EURGBP,2025-12-16,0.8784499764442444
EURGBP,2025-12-17,0.8751400113105774
EURGBP,2025-12-18,0.8779000043869019
EURGBP,2025-12-19,0.8759599924087524
EURGBP,2025-12-22,0.8751299977302551
EURGBP,2025-12-23,0.8734300136566162
EURGBP,2025-12-24,0.8728100061416626
EURGBP,2025-12-26,0.8722699880599976
EURGBP,2025-12-29,0.872160017490387
EURGBP,2025-12-30,0.871399998664856
EURGBP,2025-12-31,0.8722400069236755
EURGBP,2026-01-02,0.8720499873161316
EURGBP,2026-01-05,0.8709700107574463
EURGBP,2026-01-06,0.8655700087547302
EURGBP,2026-01-07,0.8657100200653076
EURGBP,2026-01-08,0.8675699830055237
EURGBP,2026-01-09,0.867579996585846
EURGBP,2026-01-12,0.8677800297737122
EURGBP,2026-01-13,0.8663899898529053
EURGBP,2026-01-14,0.867110013961792
EURGBP,2026-01-15,0.8664100170135498
EURGBP,2026-01-16,0.8675000071525574
EURGBP,2026-01-19,0.8672299981117249
EURGBP,2026-01-20,0.86735999584198
EURGBP,2026-01-21,0.8725000023841858
EURGBP,2026-01-22,0.8698099851608276
EURGBP,2026-01-23,0.8705899715423584
EURGBP,2026-01-26,0.8678799867630005
EURGBP,2026-01-27,0.8682000041007996
EURGBP,2026-01-28,0.8692600131034851
EURGBP,2026-01-29,0.8662999868392944
EURGBP,2026-01-30,0.8666599988937378
EURGBP,2026-02-02,0.8661999702453613
EURGBP,2026-02-03,0.8628699779510498
EURGBP,2026-02-04,0.8625800013542175
EURGBP,2026-02-05,0.8648999929428101
EURGBP,2026-02-06,0.8709999918937683
EURGBP,2026-02-09,0.868910014629364
EURGBP,2026-02-10,0.8699100017547607
EURGBP,2026-02-11,0.871940016746521
EURGBP,2026-02-12,0.8716599941253662
EURGBP,2026-02-13,0.8714399933815002
EURGBP,2026-02-16,0.8694999814033508
EURGBP,2026-02-17,0.8695200085639954
EURGBP,2026-02-18,0.8736799955368042
EURGBP,2026-02-19,0.873449981212616
EURGBP,2026-02-20,0.8742499947547913
EURGBP,2026-02-23,0.874459981918335
EURGBP,2026-02-24,0.8737800121307373
EURGBP,2026-02-25,0.8723400235176086
EURGBP,2026-02-26,0.871399998664856
EURGBP,2026-02-27,0.8747699856758118
EURGBP,2026-03-02,0.8770700097084045
EURGBP,2026-03-03,0.8721299767494202
EURGBP,2026-03-04,0.8695999979972839
EURGBP,2026-03-05,0.8702200055122375
EURGBP,2026-03-06,0.8689900040626526
EURGBP,2026-03-09,0.8662499785423279
EURGBP,2026-03-10,0.8653200268745422
EURGBP,2026-03-11,0.8651900291442871
EURGBP,2026-03-12,0.8626000285148621
EURGBP,2026-03-13,0.862820029258728
EURGBP,2026-03-16,0.8631299734115601
EURGBP,2026-03-17,0.8636299967765808
EURGBP,2026-03-18,0.8637599945068359
EURGBP,2026-03-19,0.8641700148582458
EURGBP,2026-03-20,0.8622900247573853
EURGBP,2026-03-23,0.8671000003814697
EURGBP,2026-03-24,0.8645899891853333
EURGBP,2026-03-25,0.8657000064849854
EURGBP,2026-03-26,0.865119993686676
EURGBP,2026-03-27,0.8649299740791321
EURGBP,2026-03-29,0.8680300116539001
EURGBP,2026-03-30,0.869700014591217
EURGBP,2026-03-31,0.8738700151443481
EURGBP,2026-04-01,0.8712499737739563
EURGBP,2026-04-02,0.8723199963569641
EURGBP,2026-04-05,0.8727999925613403
EURGBP,2026-04-06,0.8720499873161316
EURGBP,2026-04-07,0.8720200061798096
EURGBP,2026-04-08,0.8704900145530701
EURGBP,2026-04-09,0.8704800009727478
EURGBP,2026-04-12,0.8715999722480774
EURGBP,2026-04-13,0.8704000115394592
EURGBP,2026-04-14,0.8691200017929077
EURGBP,2026-04-15,0.8698400259017944
EURGBP,2026-04-16,0.8709800243377686
EURGBP,2026-04-19,0.8707000017166138
EURGBP,2026-04-20,0.8708599805831909
EURGBP,2026-04-21,0.8693000078201294
EURGBP,2026-04-22,0.8670399785041809
EURGBP,2026-04-23,0.8675900101661682
EURGBP,2026-04-26,0.866159975528717
EURGBP,2026-04-27,0.865909993648529
EURGBP,2026-04-28,0.8664399981498718
EURGBP,2026-04-29,0.8662400245666504
EURGBP,2026-04-30,0.862280011177063
EURGBP,2026-05-03,0.863349974155426
EURGBP,2026-05-04,0.8640099763870239
EURGBP,2026-05-05,0.8634999990463257
EURGBP,2026-05-06,0.8642799854278564
EURGBP,2026-05-07,0.8653299808502197
EURGBP,2026-05-10,0.8655700087547302
EURGBP,2026-05-11,0.8657400012016296
EURGBP,2026-05-12,0.8667700290679932
EURGBP,2026-05-13,0.8661199808120728
EURGBP,2026-05-14,0.8708500266075134
EURGBP,2026-05-17,0.8725399971008301
EURGBP,2026-05-18,0.867680013179779
EURGBP,2026-05-19,0.8664000034332275
EURGBP,2026-05-20,0.8653200268745422
EURGBP,2026-05-21,0.8649200201034546
EURGBP,2026-05-24,0.8635200262069702
EURGBP,2026-05-25,0.8619999885559082
EURGBP,2026-05-26,0.8647500276565552
EURGBP,2026-05-27,0.865909993648529
EURGBP,2026-05-28,0.8664100170135498
EURGBP,2026-05-31,0.8659600019454956
EURGBP,2026-06-01,0.8644099831581116
EURGBP,2026-06-02,0.863789975643158
EURGBP,2026-06-03,0.8645899891853333
EURGBP,2026-06-04,0.8648999929428101
EURGBP,2026-06-07,0.8639799952507019
EURGBP,2026-06-08,0.864549994468689
EURGBP,2026-06-09,0.8624100089073181
EURGBP,2026-06-10,0.8630800247192383
EURGBP,2026-06-11,0.8628900051116943
EURGBP,2026-06-14,0.8626899719238281
EURGBP,2026-06-15,0.8640000224113464
EURGBP,2026-06-16,0.8647300004959106
EURGBP,2026-06-17,0.8651000261306763
EURGBP,2026-06-18,0.8678600192070007
EURGBP,2026-06-21,0.8678600192070007
EURGBP,2026-06-22,0.8625800013542175
EURGBP,2026-06-23,0.8620399832725525
EURGBP,2026-06-24,0.8624500036239624
EURGBP,2026-06-25,0.861329972743988
EURGBP,2026-06-28,0.8626999855041504
EURGBP,2026-06-29,0.8613700270652771
EURGBP,2026-06-30,0.861329972743988
EURGBP,2026-07-01,0.8565300107002258
EURGBP,2026-07-02,0.8561000227928162
EURGBP,2026-07-05,0.8564900159835815
EURGBP,2026-07-06,0.8541799783706665
EURGBP,2026-07-07,0.8542299866676331
EURGBP,2026-07-08,0.8524900078773499
EURGBP,2026-07-09,0.8523200154304504
EURGBP,2026-07-12,0.8518999814987183
EURGBP,2026-07-13,0.8527200222015381
EURGBP,2026-07-14,0.8527399897575378
EURGBP,2026-07-15,0.8469399809837341
EURGBP,2026-07-16,0.8491899967193604
EURGBP,2026-07-19,0.8498700261116028
EURGBP,2026-07-20,0.8497999906539917
EURGBP,2026-07-21,0.8522400259971619
EURGBP,2026-07-22,0.8531699776649475
EURGBP,2026-07-23,0.8545600175857544
EURGBP,2026-07-26,0.8534500002861023
EURGBP,2026-07-27,0.855430006980896
EURGBP,2026-07-28,0.8568900227546692
EURGBP,2026-07-29,0.8578299880027771
EURGBP,2026-07-30,0.8560199737548828
EURGBP,2026-08-02,0.8556299805641174
EURGBP,2026-08-03,0.8569599986076355
EURGBP,2026-08-04,0.8573499917984009
EURGBP,2026-08-05,0.857990026473999
EURGBP,2026-08-06,0.8564800024032593
EURGBP,2026-08-09,0.8565999865531921
EURGBP,2026-08-10,0.8545399904251099
EURGBP,2026-08-11,0.854449987411499
EURGBP,2026-08-12,0.8539000153541565
EURGBP,2026-08-13,0.8549299836158752
EURGBP,2026-08-16,0.8543599843978882
EURGBP,2026-08-17,0.8547700047492981
EURGBP,2026-08-18,0.8551599979400635
EURGBP,2026-08-19,0.8582800030708313
EURGBP,2026-08-20,0.8566399812698364
EURGBP,2026-08-23,0.8555600047111511
EURGBP,2026-08-24,0.8554700016975403
EURGBP,2026-08-25,0.8553599715232849
EURGBP,2026-08-26,0.8571699857711792
EURGBP,2026-08-27,0.8570799827575684
EURGBP,2026-08-30,0.8558400273323059
EURGBP,2026-08-31,0.8574399948120117
EURGBP,2026-09-01,0.8576099872589111
EURGBP,2026-09-02,0.8591799736022949
EURGBP,2026-09-03,0.8594800233840942
EURGBP,2026-09-06,0.8591300249099731
EURGBP,2026-09-07,0.858299970626831
EURGBP,2026-09-09,0.8591899871826172
EURGBP,2026-09-10,0.8586300015449524
EURGBP,2026-09-11,0.8593900203704834
AUDCAD,2025-08-13,0.9010059833526612
AUDCAD,2025-08-14,0.8974400162696838
AUDCAD,2025-08-17,0.8992000222206116
AUDCAD,2025-08-18,0.8963599801063538
AUDCAD,2025-08-19,0.8948900103569031
AUDCAD,2025-08-20,0.8927900195121765
AUDCAD,2025-08-21,0.8930799961090088
AUDCAD,2025-08-24,0.8966900110244751
AUDCAD,2025-08-25,0.8981879949569702
AUDCAD,2025-08-26,0.8984500169754028
AUDCAD,2025-08-27,0.8973100185394287
AUDCAD,2025-08-28,0.8981299996376038
AUDCAD,2025-08-31,0.8989199995994568
AUDCAD,2025-09-01,0.9013299942016602
AUDCAD,2025-09-02,0.8984400033950806
AUDCAD,2025-09-03,0.9026299715042114
AUDCAD,2025-09-04,0.9009299874305724
AUDCAD,2025-09-07,0.9067299962043762
AUDCAD,2025-09-08,0.9101600050926208
AUDCAD,2025-09-09,0.9116899967193604
AUDCAD,2025-09-10,0.9174000024795532
AUDCAD,2025-09-11,0.9221199750900269
AUDCAD,2025-09-14,0.9200599789619446
AUDCAD,2025-09-15,0.919099986553192
AUDCAD,2025-09-16,0.9189000129699708
AUDCAD,2025-09-17,0.9159899950027466
AUDCAD,2025-09-18,0.9126499891281128
AUDCAD,2025-09-21,0.9081950187683104
AUDCAD,2025-09-22,0.91253000497818
AUDCAD,2025-09-23,0.9130100011825562
AUDCAD,2025-09-24,0.9151999950408936
AUDCAD,2025-09-25,0.911257028579712
AUDCAD,2025-09-28,0.9131399989128112
AUDCAD,2025-09-29,0.915470004081726
AUDCAD,2025-09-30,0.9203799962997437
AUDCAD,2025-10-01,0.9218599796295166
AUDCAD,2025-10-02,0.9210439920425416
AUDCAD,2025-10-05,0.9206299781799316
AUDCAD,2025-10-06,0.9226800203323364
AUDCAD,2025-10-07,0.9180499911308287
AUDCAD,2025-10-08,0.918828010559082
AUDCAD,2025-10-09,0.9197099804878236
AUDCAD,2025-10-12,0.9095600247383118
AUDCAD,2025-10-13,0.914080023765564
AUDCAD,2025-10-14,0.911620020866394
AUDCAD,2025-10-15,0.9140130281448364
AUDCAD,2025-10-16,0.9103999733924866
AUDCAD,2025-10-19,0.911199986934662
AUDCAD,2025-10-20,0.9144840240478516
AUDCAD,2025-10-21,0.9101150035858154
AUDCAD,2025-10-22,0.9075199961662292
AUDCAD,2025-10-23,0.9111400246620178
AUDCAD,2025-10-27,0.9142199754714966
AUDCAD,2025-10-28,0.9175800085067748
AUDCAD,2025-10-29,0.9177700281143188
AUDCAD,2025-10-30,0.9164999723434448
AUDCAD,2025-10-31,0.9169600009918212
AUDCAD,2025-11-03,0.91729998588562
AUDCAD,2025-11-04,0.918910026550293
AUDCAD,2025-11-05,0.9144200086593628
AUDCAD,2025-11-06,0.9177799820899964
AUDCAD,2025-11-07,0.9148200154304504
AUDCAD,2025-11-10,0.913100004196167
AUDCAD,2025-11-11,0.91635000705719
AUDCAD,2025-11-12,0.9150400161743164
AUDCAD,2025-11-13,0.9156200289726256
AUDCAD,2025-11-14,0.9161999821662904
AUDCAD,2025-11-17,0.91566002368927
AUDCAD,2025-11-18,0.9121299982070924
AUDCAD,2025-11-19,0.9101600050926208
AUDCAD,2025-11-20,0.9108999967575072
AUDCAD,2025-11-21,0.9087600111961364
AUDCAD,2025-11-24,0.9107199907302856
AUDCAD,2025-11-25,0.9122300148010254
AUDCAD,2025-11-26,0.9123899936676024
AUDCAD,2025-11-27,0.9159200191497804
AUDCAD,2025-11-28,0.9166100025177002
AUDCAD,2025-12-01,0.9150400161743164
AUDCAD,2025-12-02,0.9157599806785583
AUDCAD,2025-12-03,0.9182400107383728
AUDCAD,2025-12-04,0.9214400053024292
AUDCAD,2025-12-05,0.9221400022506714
AUDCAD,2025-12-08,0.917930006980896
AUDCAD,2025-12-09,0.91771000623703
AUDCAD,2025-12-10,0.9189820289611816
AUDCAD,2025-12-11,0.9202600121498108
AUDCAD,2025-12-12,0.9176700115203856
AUDCAD,2025-12-15,0.915120005607605
AUDCAD,2025-12-16,0.9144499897956848
AUDCAD,2025-12-17,0.9122999906539916
AUDCAD,2025-12-18,0.9098700284957886
AUDCAD,2025-12-19,0.9110900163650512
AUDCAD,2025-12-22,0.9114800095558168
AUDCAD,2025-12-23,0.9153299927711488
AUDCAD,2025-12-24,0.9171199798583984
AUDCAD,2025-12-26,0.9167919754981996
AUDCAD,2025-12-29,0.9175300002098083
AUDCAD,2025-12-30,0.9161400198936462
AUDCAD,2025-12-31,0.916849970817566
AUDCAD,2026-01-02,0.9159799814224244
AUDCAD,2026-01-05,0.9187399744987488
AUDCAD,2026-01-06,0.9240999817848206
AUDCAD,2026-01-07,0.9304699897766112
AUDCAD,2026-01-08,0.9314799904823304
AUDCAD,2026-01-09,0.928538978099823
AUDCAD,2026-01-12,0.9301199913024902
AUDCAD,2026-01-13,0.930741012096405
AUDCAD,2026-01-14,0.9280700087547302
AUDCAD,2026-01-15,0.9276000261306764
AUDCAD,2026-01-16,0.9306300282478333
AUDCAD,2026-01-19,0.9294000267982484
AUDCAD,2026-01-20,0.9308509826660156
AUDCAD,2026-01-21,0.9310100078582764
AUDCAD,2026-01-22,0.9350169897079468
AUDCAD,2026-01-23,0.9428399801254272
AUDCAD,2026-01-26,0.9473099708557128
AUDCAD,2026-01-27,0.9480869770050048
AUDCAD,2026-01-28,0.9502999782562256
AUDCAD,2026-01-29,0.9528300166130066
AUDCAD,2026-01-30,0.9508000016212464
AUDCAD,2026-02-02,0.947048008441925
AUDCAD,2026-02-03,0.950980007648468
AUDCAD,2026-02-04,0.9577270150184632
AUDCAD,2026-02-05,0.9558500051498412
AUDCAD,2026-02-06,0.9478999972343444
AUDCAD,2026-02-09,0.9606000185012816
AUDCAD,2026-02-10,0.9606099724769592
AUDCAD,2026-02-11,0.9586399793624878
AUDCAD,2026-02-12,0.9670100212097168
AUDCAD,2026-02-13,0.9639999866485596
AUDCAD,2026-02-16,0.962689995765686
AUDCAD,2026-02-17,0.964389979839325
AUDCAD,2026-02-18,0.9659199714660645
AUDCAD,2026-02-19,0.9646199941635132
AUDCAD,2026-02-20,0.96561998128891
AUDCAD,2026-02-23,0.9705309867858888
AUDCAD,2026-02-24,0.96670001745224
AUDCAD,2026-02-25,0.96670001745224
AUDCAD,2026-02-26,0.9735699892044068
AUDCAD,2026-02-27,0.9710900187492372
AUDCAD,2026-03-02,0.9646469950675964
AUDCAD,2026-03-03,0.9713199734687804
AUDCAD,2026-03-04,0.9626200199127196
AUDCAD,2026-03-05,0.9653599858283995
AUDCAD,2026-03-06,0.9582800269126892
AUDCAD,2026-03-09,0.947380006313324
AUDCAD,2026-03-10,0.9602100253105164
AUDCAD,2026-03-11,0.966946005821228
AUDCAD,2026-03-12,0.9696369767189026
AUDCAD,2026-03-13,0.964460015296936
AUDCAD,2026-03-16,0.9605299830436708
AUDCAD,2026-03-17,0.9672600030899048
AUDCAD,2026-03-18,0.973226010799408
AUDCAD,2026-03-19,0.9648200273513794
AUDCAD,2026-03-20,0.9724299907684326
AUDCAD,2026-03-23,0.9605500102043152
AUDCAD,2026-03-24,0.961929976940155
AUDCAD,2026-03-25,0.9624300003051758
AUDCAD,2026-03-26,0.9588199853897096
AUDCAD,2026-03-27,0.9538400173187256
AUDCAD,2026-03-29,0.9520099759101868
AUDCAD,2026-03-30,0.9533299803733826
AUDCAD,2026-03-31,0.9621269702911376
AUDCAD,2026-04-01,0.960200011730194
AUDCAD,2026-04-02,0.9615899920463562
AUDCAD,2026-04-05,0.959969997406006
AUDCAD,2026-04-06,0.9621899724006652
AUDCAD,2026-04-07,0.9795460104942322
AUDCAD,2026-04-08,0.9749490022659302
AUDCAD,2026-04-09,0.9778599739074708
AUDCAD,2026-04-12,0.9736400246620178
AUDCAD,2026-04-13,0.9785199761390686
AUDCAD,2026-04-14,0.9812399744987488
AUDCAD,2026-04-15,0.9850900173187256
AUDCAD,2026-04-16,0.9807900190353394
AUDCAD,2026-04-19,0.9775400161743164
AUDCAD,2026-04-20,0.9786999821662904
AUDCAD,2026-04-21,0.9771699905395508
AUDCAD,2026-04-22,0.978190004825592
AUDCAD,2026-04-23,0.976606011390686
AUDCAD,2026-04-26,0.9768199920654296
AUDCAD,2026-04-27,0.9793400168418884
AUDCAD,2026-04-28,0.9831690192222596
AUDCAD,2026-04-29,0.973900020122528
AUDCAD,2026-04-30,0.9778000116348268
AUDCAD,2026-05-03,0.9795629978179932
AUDCAD,2026-05-04,0.9762449860572816
AUDCAD,2026-05-05,0.9799200296401978
AUDCAD,2026-05-06,0.9865900278091432
AUDCAD,2026-05-07,0.9845600128173828
AUDCAD,2026-05-10,0.9898599982261658
AUDCAD,2026-05-11,0.9911100268363952
AUDCAD,2026-05-12,0.9911900162696838
AUDCAD,2026-05-13,0.9937599897384644
AUDCAD,2026-05-14,0.9899399876594543
AUDCAD,2026-05-17,0.9810000061988832
AUDCAD,2026-05-18,0.9849900007247924
AUDCAD,2026-05-19,0.9767000079154968
AUDCAD,2026-05-20,0.982446014881134
AUDCAD,2026-05-21,0.9842000007629396
AUDCAD,2026-05-24,0.987779974937439
AUDCAD,2026-05-25,0.989579975605011
AUDCAD,2026-05-26,0.9899700284004213
AUDCAD,2026-05-27,0.9874600172042848
AUDCAD,2026-05-28,0.9872599840164183
AUDCAD,2026-05-31,0.9904400110244752
AUDCAD,2026-06-01,0.9916099905967712
AUDCAD,2026-06-02,0.993170976638794
AUDCAD,2026-06-03,0.9909300208091736
AUDCAD,2026-06-04,0.9914109706878662
AUDCAD,2026-06-07,0.9820700287818908
AUDCAD,2026-06-08,0.9823600053787231
AUDCAD,2026-06-09,0.979951024055481
AUDCAD,2026-06-10,0.9752299785614014
AUDCAD,2026-06-11,0.9845499992370604
AUDCAD,2026-06-14,0.9878990054130554
AUDCAD,2026-06-15,0.9895200133323668
AUDCAD,2026-06-16,0.9885600209236144
AUDCAD,2026-06-17,0.989650011062622
AUDCAD,2026-06-18,0.9915199875831604
AUDCAD,2026-06-21,0.9925709962844848
AUDCAD,2026-06-22,0.9902499914169312
AUDCAD,2026-06-23,0.9825299978256226
AUDCAD,2026-06-24,0.9818099737167358
AUDCAD,2026-06-25,0.9797499775886536
AUDCAD,2026-06-28,0.9784799814224244
AUDCAD,2026-06-29,0.9779300093650818
AUDCAD,2026-06-30,0.9815000295639038
AUDCAD,2026-07-01,0.9796800017356871
AUDCAD,2026-07-02,0.9813299775123596
AUDCAD,2026-07-05,0.985189974308014
AUDCAD,2026-07-06,0.9880399703979492
AUDCAD,2026-07-07,0.983169972896576
AUDCAD,2026-07-08,0.9827060103416444
AUDCAD,2026-07-09,0.9836000204086304
AUDCAD,2026-07-12,0.9832080006599426
AUDCAD,2026-07-13,0.9789360165596008
AUDCAD,2026-07-14,0.980239987373352
AUDCAD,2026-07-15,0.9835000038146972
AUDCAD,2026-07-16,0.982450008392334
AUDCAD,2026-07-19,0.9783499836921692
AUDCAD,2026-07-20,0.9850760102272034
AUDCAD,2026-07-21,0.9872900247573853
AUDCAD,2026-07-22,0.98430997133255
AUDCAD,2026-07-23,0.981190025806427
AUDCAD,2026-07-26,0.985140025615692
AUDCAD,2026-07-27,0.9868580102920532
AUDCAD,2026-07-28,0.983843982219696
AUDCAD,2026-07-29,0.9767580032348632
AUDCAD,2026-07-30,0.9842749834060668
AUDCAD,2026-08-02,0.98717999458313
AUDCAD,2026-08-03,0.9824000000953674
AUDCAD,2026-08-04,0.9910699725151062
AUDCAD,2026-08-05,0.9885500073432922
AUDCAD,2026-08-06,0.9855300188064576
AUDCAD,2026-08-09,0.9853690266609192
AUDCAD,2026-08-10,0.9829699993133544
AUDCAD,2026-08-11,0.9832199811935424
AUDCAD,2026-08-12,0.9845700263977052
AUDCAD,2026-08-13,0.9836699962615968
AUDCAD,2026-08-16,0.9827700257301332
AUDCAD,2026-08-17,0.9858099818229676
AUDCAD,2026-08-18,0.9841920137405396
AUDCAD,2026-08-19,0.9835100173950196
AUDCAD,2026-08-20,0.9810100197792052
AUDCAD,2026-08-23,0.9890499711036682
AUDCAD,2026-08-24,0.9901700019836426
AUDCAD,2026-08-25,0.9913989901542664
AUDCAD,2026-08-26,0.9962300062179564
AUDCAD,2026-08-27,0.9965199828147888
AUDCAD,2026-08-30,0.995069980621338
AUDCAD,2026-08-31,0.9926999807357788
AUDCAD,2026-09-01,0.9929400086402892
AUDCAD,2026-09-02,0.991569995880127
AUDCAD,2026-09-03,0.9929599761962892
AUDCAD,2026-09-06,0.996810019016266
AUDCAD,2026-09-07,0.9967399835586548
AUDCAD,2026-09-09,0.9947699904441832
AUDCAD,2026-09-10,0.9964399933815002
AUDCAD,2026-09-11,0.9906899929046631
EURCAD,2025-08-13,1.610700011253357
EURCAD,2025-08-14,1.6092599630355835
EURCAD,2025-08-17,1.6171300411224363
EURCAD,2025-08-18,1.6102800369262695
EURCAD,2025-08-19,1.6141799688339231
EURCAD,2025-08-20,1.6163100004196167
EURCAD,2025-08-21,1.614169955253601
EURCAD,2025-08-24,1.6191799640655518
EURCAD,2025-08-25,1.609470009803772
EURCAD,2025-08-26,1.6098699569702148
EURCAD,2025-08-27,1.6048099994659424
EURCAD,2025-08-28,1.6059999465942385
EURCAD,2025-08-31,1.6060099601745603
EURCAD,2025-09-01,1.6104700565338137
EURCAD,2025-09-02,1.6034499406814575
EURCAD,2025-09-03,1.6082600355148315
EURCAD,2025-09-04,1.6103099584579468
EURCAD,2025-09-07,1.6203800439834597
EURCAD,2025-09-08,1.6232999563217163
EURCAD,2025-09-09,1.6202800273895264
EURCAD,2025-09-10,1.6220699548721311
EURCAD,2025-09-11,1.6232099533081057
EURCAD,2025-09-14,1.6226799488067627
EURCAD,2025-09-15,1.6202800273895264
EURCAD,2025-09-16,1.6308799982070925
EURCAD,2025-09-17,1.6280499696731567
EURCAD,2025-09-18,1.625830054283142
EURCAD,2025-09-21,1.617609977722168
EURCAD,2025-09-22,1.6313799619674685
EURCAD,2025-09-23,1.6347899436950684
EURCAD,2025-09-24,1.631909966468811
EURCAD,2025-09-25,1.625830054283142
EURCAD,2025-09-28,1.631450057029724
EURCAD,2025-09-29,1.6324100494384766
EURCAD,2025-09-30,1.6338399648666382
EURCAD,2025-10-01,1.635540008544922
EURCAD,2025-10-02,1.6363999843597412
EURCAD,2025-10-05,1.635390043258667
EURCAD,2025-10-06,1.632889986038208
EURCAD,2025-10-07,1.6259700059890747
EURCAD,2025-10-08,1.6228200197219849
EURCAD,2025-10-09,1.621399998664856
EURCAD,2025-10-12,1.6239800453186035
EURCAD,2025-10-13,1.623669981956482
EURCAD,2025-10-14,1.629420042037964
EURCAD,2025-10-15,1.635509967803955
EURCAD,2025-10-16,1.6431599855422974
EURCAD,2025-10-19,1.633800029754639
EURCAD,2025-10-20,1.6339499950408936
EURCAD,2025-10-21,1.6262400150299072
EURCAD,2025-10-22,1.623530030250549
EURCAD,2025-10-23,1.6248600482940674
EURCAD,2025-10-27,1.6274900436401367
EURCAD,2025-10-28,1.6301100254058838
EURCAD,2025-10-29,1.6247400045394895
EURCAD,2025-10-30,1.6172699928283691
EURCAD,2025-10-31,1.6174999475479126
EURCAD,2025-11-03,1.6154500246047974
EURCAD,2025-11-04,1.6189099550247192
EURCAD,2025-11-05,1.619379997253418
EURCAD,2025-11-06,1.620959997177124
EURCAD,2025-11-07,1.629520058631897
EURCAD,2025-11-10,1.6210700273513794
EURCAD,2025-11-11,1.6207499504089355
EURCAD,2025-11-12,1.6238399744033811
EURCAD,2025-11-13,1.6236000061035156
EURCAD,2025-11-14,1.6321500539779663
EURCAD,2025-11-17,1.628000020980835
EURCAD,2025-11-18,1.628350019454956
EURCAD,2025-11-19,1.619379997253418
EURCAD,2025-11-20,1.6203399896621704
EURCAD,2025-11-21,1.6252800226211548
EURCAD,2025-11-24,1.6217700242996216
EURCAD,2025-11-25,1.625059962272644
EURCAD,2025-11-26,1.6307899951934814
EURCAD,2025-11-27,1.6284600496292114
EURCAD,2025-11-28,1.6267900466918943
EURCAD,2025-12-01,1.6205600500106812
EURCAD,2025-12-02,1.6248699426651
EURCAD,2025-12-03,1.624169945716858
EURCAD,2025-12-04,1.6275099515914917
EURCAD,2025-12-05,1.6252100467681885
EURCAD,2025-12-08,1.6102800369262695
EURCAD,2025-12-09,1.6119600534439087
EURCAD,2025-12-10,1.6098400354385376
EURCAD,2025-12-11,1.6129000186920166
EURCAD,2025-12-12,1.616979956626892
EURCAD,2025-12-15,1.6159100532531738
EURCAD,2025-12-16,1.61844003200531
EURCAD,2025-12-17,1.6161199808120728
EURCAD,2025-12-18,1.618209958076477
EURCAD,2025-12-19,1.6153600215911863
EURCAD,2025-12-22,1.614359974861145
EURCAD,2025-12-23,1.6175199747085571
EURCAD,2025-12-24,1.613919973373413
EURCAD,2025-12-26,1.610990047454834
EURCAD,2025-12-29,1.608839988708496
EURCAD,2025-12-30,1.6109700202941897
EURCAD,2025-12-31,1.608389973640442
EURCAD,2026-01-02,1.6117199659347534
EURCAD,2026-01-05,1.608919978141785
EURCAD,2026-01-06,1.6133899688720703
EURCAD,2026-01-07,1.6146800518035889
EURCAD,2026-01-08,1.6178699731826782
EURCAD,2026-01-09,1.6161099672317505
EURCAD,2026-01-12,1.6171200275421145
EURCAD,2026-01-13,1.6187299489974976
EURCAD,2026-01-14,1.6166000366210938
EURCAD,2026-01-15,1.6167000532150269
EURCAD,2026-01-16,1.6121699810028076
EURCAD,2026-01-19,1.6156799793243408
EURCAD,2026-01-20,1.614650011062622
EURCAD,2026-01-21,1.622189998626709
EURCAD,2026-01-22,1.6156200170516968
EURCAD,2026-01-23,1.6201499700546265
EURCAD,2026-01-26,1.6245700120925903
EURCAD,2026-01-27,1.6283199787139893
EURCAD,2026-01-28,1.6331199407577517
EURCAD,2026-01-29,1.6211999654769895
EURCAD,2026-01-30,1.614259958267212
EURCAD,2026-02-02,1.6156200170516968
EURCAD,2026-02-03,1.61312997341156
EURCAD,2026-02-04,1.611430048942566
EURCAD,2026-02-05,1.6131399869918823
EURCAD,2026-02-06,1.614400029182434
EURCAD,2026-02-09,1.6151299476623535
EURCAD,2026-02-10,1.6143499612808228
EURCAD,2026-02-11,1.6110899448394775
EURCAD,2026-02-12,1.6120699644088743
EURCAD,2026-02-13,1.6153000593185425
EURCAD,2026-02-16,1.6159499883651731
EURCAD,2026-02-17,1.615689992904663
EURCAD,2026-02-18,1.616199970245361
EURCAD,2026-02-19,1.6145000457763672
EURCAD,2026-02-20,1.6105799674987793
EURCAD,2026-02-23,1.6151399612426758
EURCAD,2026-02-24,1.6148300170898438
EURCAD,2026-02-25,1.613010048866272
EURCAD,2026-02-26,1.6155400276184082
EURCAD,2026-02-27,1.613919973373413
EURCAD,2026-03-02,1.6071799993515017
EURCAD,2026-03-03,1.5987900495529177
EURCAD,2026-03-04,1.5876599550247192
EURCAD,2026-03-05,1.587380051612854
EURCAD,2026-03-06,1.586719989776611
EURCAD,2026-03-09,1.567229986190796
EURCAD,2026-03-10,1.5783400535583496
EURCAD,2026-03-11,1.576949954032898
EURCAD,2026-03-12,1.5697300434112549
EURCAD,2026-03-13,1.5706000328063965
EURCAD,2026-03-16,1.567829966545105
EURCAD,2026-03-17,1.57368004322052
EURCAD,2026-03-18,1.5796600580215454
EURCAD,2026-03-19,1.573830008506775
EURCAD,2026-03-20,1.5900499820709229
EURCAD,2026-03-23,1.5848300457000732
EURCAD,2026-03-24,1.5937199592590332
EURCAD,2026-03-25,1.5976999998092651
EURCAD,2026-03-26,1.59660005569458
EURCAD,2026-03-27,1.597640037536621
EURCAD,2026-03-29,1.5973299741744995
EURCAD,2026-03-30,1.5956900119781494
EURCAD,2026-03-31,1.608680009841919
EURCAD,2026-04-01,1.6081000566482544
EURCAD,2026-04-02,1.605929970741272
EURCAD,2026-04-05,1.6048699617385864
EURCAD,2026-04-06,1.6053800582885742
EURCAD,2026-04-07,1.6174499988555908
EURCAD,2026-04-08,1.614449977874756
EURCAD,2026-04-09,1.615820050239563
EURCAD,2026-04-12,1.619439959526062
EURCAD,2026-04-13,1.6219899654388428
EURCAD,2026-04-14,1.6240400075912476
EURCAD,2026-04-15,1.6209299564361572
EURCAD,2026-04-16,1.613700032234192
EURCAD,2026-04-19,1.6087000370025637
EURCAD,2026-04-20,1.6077500581741333
EURCAD,2026-04-21,1.6038399934768677
EURCAD,2026-04-22,1.6001399755477903
EURCAD,2026-04-23,1.6002899408340454
EURCAD,2026-04-26,1.6007000207901
EURCAD,2026-04-27,1.596709966659546
EURCAD,2026-04-28,1.602779984474182
EURCAD,2026-04-29,1.5971200466156006
EURCAD,2026-04-30,1.592620015144348
EURCAD,2026-05-03,1.5928000211715698
EURCAD,2026-05-04,1.5923399925231934
EURCAD,2026-05-05,1.593709945678711
EURCAD,2026-05-06,1.601940035820007
EURCAD,2026-05-07,1.6023800373077393
EURCAD,2026-05-10,1.6099900007247925
EURCAD,2026-05-11,1.6110299825668335
EURCAD,2026-05-12,1.6072900295257568
EURCAD,2026-05-13,1.6050000190734863
EURCAD,2026-05-14,1.600409984588623
EURCAD,2026-05-17,1.5980900526046753
EURCAD,2026-05-18,1.6010799407958984
EURCAD,2026-05-19,1.5955599546432495
EURCAD,2026-05-20,1.5978399515151978
EURCAD,2026-05-21,1.600419998168945
EURCAD,2026-05-24,1.6067299842834473
EURCAD,2026-05-25,1.6063300371170044
EURCAD,2026-05-26,1.6066099405288696
EURCAD,2026-05-27,1.6080299615859983
EURCAD,2026-05-28,1.605810046195984
EURCAD,2026-05-31,1.6069899797439575
EURCAD,2026-06-01,1.610419988632202
EURCAD,2026-06-02,1.6087599992752075
EURCAD,2026-06-03,1.6126600503921509
EURCAD,2026-06-04,1.614400029182434
EURCAD,2026-06-07,1.6066999435424805
EURCAD,2026-06-08,1.6088600158691406
EURCAD,2026-06-09,1.6093800067901611
EURCAD,2026-06-10,1.6088099479675293
EURCAD,2026-06-11,1.6172800064086914
EURCAD,2026-06-14,1.6200300455093384
EURCAD,2026-06-15,1.6219199895858765
EURCAD,2026-06-16,1.6244900226593018
EURCAD,2026-06-17,1.622589945793152
EURCAD,2026-06-18,1.62021005153656
EURCAD,2026-06-21,1.6245800256729126
EURCAD,2026-06-22,1.6177699565887451
EURCAD,2026-06-23,1.6167900562286377
EURCAD,2026-06-24,1.6160199642181396
EURCAD,2026-06-25,1.613379955291748
EURCAD,2026-06-28,1.6154500246047974
EURCAD,2026-06-29,1.622689962387085
EURCAD,2026-06-30,1.6212199926376345
EURCAD,2026-07-01,1.6174099445343018
EURCAD,2026-07-02,1.620710015296936
EURCAD,2026-07-05,1.624369978904724
EURCAD,2026-07-06,1.6254600286483765
EURCAD,2026-07-07,1.6193699836730957
EURCAD,2026-07-08,1.6175999641418457
EURCAD,2026-07-09,1.6195900440216064
EURCAD,2026-07-12,1.615149974822998
EURCAD,2026-07-13,1.6104700565338137
EURCAD,2026-07-14,1.605299949645996
EURCAD,2026-07-15,1.6093000173568726
EURCAD,2026-07-16,1.6064599752426147
EURCAD,2026-07-19,1.602020025253296
EURCAD,2026-07-20,1.6058000326156616
EURCAD,2026-07-21,1.607699990272522
EURCAD,2026-07-22,1.6070799827575684
EURCAD,2026-07-23,1.6022900342941284
EURCAD,2026-07-26,1.6049000024795532
EURCAD,2026-07-27,1.6056100130081177
EURCAD,2026-07-28,1.6060500144958496
EURCAD,2026-07-29,1.6092599630355835
EURCAD,2026-07-30,1.6145000457763672
EURCAD,2026-08-02,1.61749005317688
EURCAD,2026-08-03,1.616230010986328
EURCAD,2026-08-04,1.6219300031661987
EURCAD,2026-08-05,1.6189299821853638
EURCAD,2026-08-06,1.614840030670166
EURCAD,2026-08-09,1.6120799779891968
EURCAD,2026-08-10,1.6087000370025637
EURCAD,2026-08-11,1.6067999601364136
EURCAD,2026-08-12,1.6067999601364136
EURCAD,2026-08-13,1.606220006942749
EURCAD,2026-08-16,1.605389952659607
EURCAD,2026-08-17,1.6064300537109375
EURCAD,2026-08-18,1.608839988708496
EURCAD,2026-08-19,1.6119400262832642
EURCAD,2026-08-20,1.6102499961853027
EURCAD,2026-08-23,1.6110899448394775
EURCAD,2026-08-24,1.6148600578308103
EURCAD,2026-08-25,1.6152600049972534
EURCAD,2026-08-26,1.6168400049209597
EURCAD,2026-08-27,1.6140799522399902
EURCAD,2026-08-30,1.6106300354003906
EURCAD,2026-08-31,1.609220027923584
EURCAD,2026-09-01,1.610100030899048
EURCAD,2026-09-02,1.6036100387573242
EURCAD,2026-09-03,1.603410005569458
EURCAD,2026-09-06,1.6065200567245483
EURCAD,2026-09-07,1.605049967765808
EURCAD,2026-09-09,1.6041500568389893
EURCAD,2026-09-10,1.605720043182373
EURCAD,2026-09-11,1.6066900491714478
EURNZD,2025-08-13,1.9583200216293333
EURNZD,2025-08-14,1.967620015144348
EURNZD,2025-08-17,1.9743499755859373
EURNZD,2025-08-18,1.969539999961853
EURNZD,2025-08-19,1.9740400314331048
EURNZD,2025-08-20,1.999089956283569
EURNZD,2025-08-21,1.99439001083374
EURNZD,2025-08-24,1.996269941329956
EURNZD,2025-08-25,1.985610008239746
EURNZD,2025-08-26,1.986549973487854
EURNZD,2025-08-27,1.987210035324097
EURNZD,2025-08-28,1.98485004901886
EURNZD,2025-08-31,1.9816999435424805
EURNZD,2025-09-01,1.9835599660873413
EURNZD,2025-09-02,1.984529972076416
EURNZD,2025-09-03,1.982640027999878
EURNZD,2025-09-04,1.9921900033950808
EURNZD,2025-09-07,1.98829996585846
EURNZD,2025-09-08,1.979599952697754
EURNZD,2025-09-09,1.974560022354126
EURNZD,2025-09-10,1.9689300060272217
EURNZD,2025-09-11,1.962739944458008
EURNZD,2025-09-14,1.96960997581482
EURNZD,2025-09-15,1.970759987831116
EURNZD,2025-09-16,1.9811999797821045
EURNZD,2025-09-17,1.9919999837875368
EURNZD,2025-09-18,2.0010900497436523
EURNZD,2025-09-21,2.005800008773804
EURNZD,2025-09-22,2.0106000900268555
EURNZD,2025-09-23,2.0170600414276123
EURNZD,2025-09-24,2.018899917602539
EURNZD,2025-09-25,2.023469924926758
EURNZD,2025-09-28,2.025789976119995
EURNZD,2025-09-29,2.0291099548339844
EURNZD,2025-09-30,2.024739980697632
EURNZD,2025-10-01,2.014899969100952
EURNZD,2025-10-02,2.013799905776977
EURNZD,2025-10-05,2.01065993309021
EURNZD,2025-10-06,2.004610061645508
EURNZD,2025-10-07,2.010040044784546
EURNZD,2025-10-08,2.010809898376465
EURNZD,2025-10-09,2.0105199813842773
EURNZD,2025-10-12,2.025629997253418
EURNZD,2025-10-13,2.02295994758606
EURNZD,2025-10-14,2.030630111694336
EURNZD,2025-10-15,2.0372300148010254
EURNZD,2025-10-16,2.042840003967285
EURNZD,2025-10-19,2.033760070800781
EURNZD,2025-10-20,2.02620005607605
EURNZD,2025-10-21,2.0199999809265137
EURNZD,2025-10-22,2.023410081863404
EURNZD,2025-10-23,2.018549919128418
EURNZD,2025-10-27,2.01921010017395
EURNZD,2025-10-28,2.0173099040985107
EURNZD,2025-10-29,2.0155398845672607
EURNZD,2025-10-30,2.0129098892211914
EURNZD,2025-10-31,2.014090061187744
EURNZD,2025-11-03,2.013849973678589
EURNZD,2025-11-04,2.0183300971984863
EURNZD,2025-11-05,2.035290002822876
EURNZD,2025-11-06,2.028549909591675
EURNZD,2025-11-07,2.047980070114136
EURNZD,2025-11-10,2.051330089569092
EURNZD,2025-11-11,2.0475399494171143
EURNZD,2025-11-12,2.0480899810791016
EURNZD,2025-11-13,2.047110080718994
EURNZD,2025-11-14,2.0579700469970703
EURNZD,2025-11-17,2.046149969100952
EURNZD,2025-11-18,2.049599885940552
EURNZD,2025-11-19,2.0463099479675293
EURNZD,2025-11-20,2.0543999671936035
EURNZD,2025-11-21,2.062580108642578
EURNZD,2025-11-24,2.0500600337982178
EURNZD,2025-11-25,2.0519700050354004
EURNZD,2025-11-26,2.0560998916625977
EURNZD,2025-11-27,2.033519983291626
EURNZD,2025-11-28,2.0243499279022217
EURNZD,2025-12-01,2.0223500728607178
EURNZD,2025-12-02,2.027009963989258
EURNZD,2025-12-03,2.025000095367432
EURNZD,2025-12-04,2.0204598903656006
EURNZD,2025-12-05,2.0209999084472656
EURNZD,2025-12-08,2.0149199962615967
EURNZD,2025-12-09,2.0143001079559326
EURNZD,2025-12-10,2.011790037155152
EURNZD,2025-12-11,2.011339902877808
EURNZD,2025-12-12,2.020780086517334
EURNZD,2025-12-15,2.022830009460449
EURNZD,2025-12-16,2.03125
EURNZD,2025-12-17,2.0311899185180664
EURNZD,2025-12-18,2.034670114517212
EURNZD,2025-12-19,2.029910087585449
EURNZD,2025-12-22,2.0341899394989014
EURNZD,2025-12-23,2.029269933700561
EURNZD,2025-12-24,2.0185999870300293
EURNZD,2025-12-26,2.018970012664795
EURNZD,2025-12-29,2.0203099250793457
EURNZD,2025-12-30,2.0269200801849365
EURNZD,2025-12-31,2.0282399654388428
EURNZD,2026-01-02,2.0406699180603027
EURNZD,2026-01-05,2.033509969711304
EURNZD,2026-01-06,2.02455997467041
EURNZD,2026-01-07,2.0208001136779785
EURNZD,2026-01-08,2.0223100185394287
EURNZD,2026-01-09,2.02649998664856
EURNZD,2026-01-12,2.02856993675232
EURNZD,2026-01-13,2.020859956741333
EURNZD,2026-01-14,2.0285398960113525
EURNZD,2026-01-15,2.027139902114868
EURNZD,2026-01-16,2.021070003509521
EURNZD,2026-01-19,2.0168399810791016
EURNZD,2026-01-20,2.0089499950408936
EURNZD,2026-01-21,2.0124599933624268
EURNZD,2026-01-22,1.99931001663208
EURNZD,2026-01-23,1.9865599870681765
EURNZD,2026-01-26,1.9893699884414675
EURNZD,2026-01-27,1.9889099597930908
EURNZD,2026-01-28,1.9934200048446653
EURNZD,2026-01-29,1.9746299982070925
EURNZD,2026-01-30,1.969409942626953
EURNZD,2026-02-02,1.970020055770874
EURNZD,2026-02-03,1.962820053100586
EURNZD,2026-02-04,1.955430030822754
EURNZD,2026-02-05,1.967329978942871
EURNZD,2026-02-06,1.9830399751663208
EURNZD,2026-02-09,1.96028995513916
EURNZD,2026-02-10,1.966599941253662
EURNZD,2026-02-11,1.9677499532699585
EURNZD,2026-02-12,1.9632699489593504
EURNZD,2026-02-13,1.967290043830872
EURNZD,2026-02-16,1.966770052909851
EURNZD,2026-02-17,1.9644399881362915
EURNZD,2026-02-18,1.9591599702835083
EURNZD,2026-02-19,1.975260019302368
EURNZD,2026-02-20,1.9701999425888064
EURNZD,2026-02-23,1.971060037612915
EURNZD,2026-02-24,1.978649973869324
EURNZD,2026-02-25,1.973680019378662
EURNZD,2026-02-26,1.9688299894332888
EURNZD,2026-02-27,1.9735100269317627
EURNZD,2026-03-02,1.973760008811951
EURNZD,2026-03-03,1.966130018234253
EURNZD,2026-03-04,1.9708000421524048
EURNZD,2026-03-05,1.9594099521636963
EURNZD,2026-03-06,1.9681299924850464
EURNZD,2026-03-09,1.969539999961853
EURNZD,2026-03-10,1.959879994392395
EURNZD,2026-03-11,1.9597400426864624
EURNZD,2026-03-12,1.9578200578689573
EURNZD,2026-03-13,1.968269944190979
EURNZD,2026-03-16,1.9723700284957888
EURNZD,2026-03-17,1.9643900394439693
EURNZD,2026-03-18,1.9693700075149536
EURNZD,2026-03-19,1.9777400493621824
EURNZD,2026-03-20,1.972790002822876
EURNZD,2026-03-23,1.982450008392334
EURNZD,2026-03-24,1.982879996299744
EURNZD,2026-03-25,1.989449977874756
EURNZD,2026-03-26,1.99115002155304
EURNZD,2026-03-27,2.001300096511841
EURNZD,2026-03-29,2.0063400268554688
EURNZD,2026-03-30,2.003849983215332
EURNZD,2026-03-31,2.0102999210357666
EURNZD,2026-04-01,2.0157198905944824
EURNZD,2026-04-02,2.0179998874664307
EURNZD,2026-04-05,2.024019956588745
EURNZD,2026-04-06,2.0196499824523926
EURNZD,2026-04-07,2.011149883270264
EURNZD,2026-04-08,2.001410007476806
EURNZD,2026-04-09,1.9983099699020384
EURNZD,2026-04-12,2.010999917984009
EURNZD,2026-04-13,2.003900051116944
EURNZD,2026-04-14,1.9976999759674072
EURNZD,2026-04-15,1.997040033340454
EURNZD,2026-04-16,2.0009000301361084
EURNZD,2026-04-19,2.0007998943328857
EURNZD,2026-04-20,1.9944000244140625
EURNZD,2026-04-21,1.9911799430847168
EURNZD,2026-04-22,1.9811999797821045
EURNZD,2026-04-23,1.9959299564361568
EURNZD,2026-04-26,1.9931999444961548
EURNZD,2026-04-27,1.982800006866455
EURNZD,2026-04-28,1.989799976348877
EURNZD,2026-04-29,2.000610113143921
EURNZD,2026-04-30,1.9855899810791016
EURNZD,2026-05-03,1.985350012779236
EURNZD,2026-05-04,1.9901000261306765
EURNZD,2026-05-05,1.984580039978028
EURNZD,2026-05-06,1.973039984703064
EURNZD,2026-05-07,1.9753600358963013
EURNZD,2026-05-10,1.977579951286316
EURNZD,2026-05-11,1.974429965019226
EURNZD,2026-05-12,1.9715499877929688
EURNZD,2026-05-13,1.974910020828247
EURNZD,2026-05-14,1.9753899574279783
EURNZD,2026-05-17,1.991170048713684
EURNZD,2026-05-18,1.9840600490570068
EURNZD,2026-05-19,1.9895000457763672
EURNZD,2026-05-20,1.9809499979019165
EURNZD,2026-05-21,1.9758599996566768
EURNZD,2026-05-24,1.9822100400924685
EURNZD,2026-05-25,1.9847300052642824
EURNZD,2026-05-26,1.9912999868392944
EURNZD,2026-05-27,1.971660017967224
EURNZD,2026-05-28,1.9598400592803955
EURNZD,2026-05-31,1.946699976921081
EURNZD,2026-06-01,1.959579944610596
EURNZD,2026-06-02,1.962249994277954
EURNZD,2026-06-03,1.977309942245484
EURNZD,2026-06-04,1.9780399799346924
EURNZD,2026-06-07,1.987499952316284
EURNZD,2026-06-08,1.986199975013733
EURNZD,2026-06-09,1.986240029335022
EURNZD,2026-06-10,1.990820050239563
EURNZD,2026-06-11,1.984179973602295
EURNZD,2026-06-14,1.981600046157837
EURNZD,2026-06-15,1.989050030708313
EURNZD,2026-06-16,1.99084997177124
EURNZD,2026-06-17,1.9923499822616573
EURNZD,2026-06-18,1.990599989891052
EURNZD,2026-06-21,1.998479962348938
EURNZD,2026-06-22,2.0006299018859863
EURNZD,2026-06-23,2.008430004119873
EURNZD,2026-06-24,2.0114998817443848
EURNZD,2026-06-25,2.01328992843628
EURNZD,2026-06-28,2.0184500217437744
EURNZD,2026-06-29,2.0199999809265137
EURNZD,2026-06-30,2.011029958724976
EURNZD,2026-07-01,2.0047600269317627
EURNZD,2026-07-02,2.0064799785614014
EURNZD,2026-07-05,2.0053300857543945
EURNZD,2026-07-06,2.0067501068115234
EURNZD,2026-07-07,2.008729934692383
EURNZD,2026-07-08,1.997499942779541
EURNZD,2026-07-09,1.983700037002564
EURNZD,2026-07-12,1.9803800582885744
EURNZD,2026-07-13,1.974930047988892
EURNZD,2026-07-14,1.9651800394058228
EURNZD,2026-07-15,1.9607000350952148
EURNZD,2026-07-16,1.959089994430542
EURNZD,2026-07-19,1.956740021705628
EURNZD,2026-07-20,1.9502999782562256
EURNZD,2026-07-21,1.9570900201797483
EURNZD,2026-07-22,1.9622100591659544
EURNZD,2026-07-23,1.969849944114685
EURNZD,2026-07-26,1.964400053024292
EURNZD,2026-07-27,1.970289945602417
EURNZD,2026-07-28,1.9692100286483765
EURNZD,2026-07-29,1.975299954414368
EURNZD,2026-07-30,1.961089968681336
EURNZD,2026-08-02,1.9571199417114256
EURNZD,2026-08-03,1.9605000019073489
EURNZD,2026-08-04,1.962329983711243
EURNZD,2026-08-05,1.962810039520264
EURNZD,2026-08-06,1.963819980621338
EURNZD,2026-08-09,1.961899995803833
EURNZD,2026-08-10,1.9608099460601809
EURNZD,2026-08-11,1.9631999731063845
EURNZD,2026-08-12,1.966729998588562
EURNZD,2026-08-13,1.9701199531555176
EURNZD,2026-08-16,1.964709997177124
EURNZD,2026-08-17,1.961210012435913
EURNZD,2026-08-18,1.970810055732727
EURNZD,2026-08-19,1.966660022735596
EURNZD,2026-08-20,1.9629199504852293
EURNZD,2026-08-23,1.9541499614715576
EURNZD,2026-08-24,1.955680012702942
EURNZD,2026-08-25,1.9534800052642824
EURNZD,2026-08-26,1.9592000246047967
EURNZD,2026-08-27,1.9569400548934937
EURNZD,2026-08-30,1.957430005073548
EURNZD,2026-08-31,1.9616299867630005
EURNZD,2026-09-01,1.96628999710083
EURNZD,2026-09-02,1.979910016059876
EURNZD,2026-09-03,1.9756100177764893
EURNZD,2026-09-06,1.974179983139038
EURNZD,2026-09-07,1.9765100479125977
EURNZD,2026-09-09,1.9898600578308103
EURNZD,2026-09-10,1.9895000457763672
EURNZD,2026-09-11,1.9990299940109253
XAUUSD,2025-08-01,3347.699951171875
XAUUSD,2025-08-04,3374.39990234375
XAUUSD,2025-08-05,3381.89990234375
XAUUSD,2025-08-06,3380.0
XAUUSD,2025-08-07,3400.300048828125
XAUUSD,2025-08-08,3439.10009765625
XAUUSD,2025-08-11,3353.10009765625
XAUUSD,2025-08-12,3348.89990234375
XAUUSD,2025-08-13,3358.699951171875
XAUUSD,2025-08-14,3335.199951171875
XAUUSD,2025-08-15,3336.0
XAUUSD,2025-08-18,3331.699951171875
XAUUSD,2025-08-19,3313.39990234375
XAUUSD,2025-08-20,3343.39990234375
XAUUSD,2025-08-21,3336.89990234375
XAUUSD,2025-08-22,3374.39990234375
XAUUSD,2025-08-25,3373.800048828125
XAUUSD,2025-08-26,3388.60009765625
XAUUSD,2025-08-27,3404.60009765625
XAUUSD,2025-08-28,3431.800048828125
XAUUSD,2025-08-29,3473.699951171875
XAUUSD,2025-09-02,3549.39990234375
XAUUSD,2025-09-03,3593.199951171875
XAUUSD,2025-09-04,3565.800048828125
XAUUSD,2025-09-05,3613.199951171875
XAUUSD,2025-09-08,3638.10009765625
XAUUSD,2025-09-09,3643.300048828125
XAUUSD,2025-09-10,3643.60009765625
XAUUSD,2025-09-11,3636.89990234375
XAUUSD,2025-09-12,3649.39990234375
XAUUSD,2025-09-15,3682.199951171875
XAUUSD,2025-09-16,3688.89990234375
XAUUSD,2025-09-17,3681.800048828125
XAUUSD,2025-09-18,3643.699951171875
XAUUSD,2025-09-19,3671.5
XAUUSD,2025-09-22,3740.699951171875
XAUUSD,2025-09-23,3780.60009765625
XAUUSD,2025-09-24,3732.10009765625
XAUUSD,2025-09-25,3736.89990234375
XAUUSD,2025-09-26,3775.300048828125
XAUUSD,2025-09-29,3820.89990234375
XAUUSD,2025-09-30,3840.800048828125
XAUUSD,2025-10-01,3867.5
XAUUSD,2025-10-02,3839.699951171875
XAUUSD,2025-10-03,3880.800048828125
XAUUSD,2025-10-06,3948.5
XAUUSD,2025-10-07,3976.60009765625
XAUUSD,2025-10-08,4043.300048828125
XAUUSD,2025-10-09,3946.300048828125
XAUUSD,2025-10-10,3975.89990234375
XAUUSD,2025-10-13,4108.60009765625
XAUUSD,2025-10-14,4138.7001953125
XAUUSD,2025-10-15,4176.89990234375
XAUUSD,2025-10-16,4280.2001953125
XAUUSD,2025-10-17,4189.89990234375
XAUUSD,2025-10-20,4336.39990234375
XAUUSD,2025-10-21,4087.699951171875
XAUUSD,2025-10-22,4044.39990234375
XAUUSD,2025-10-23,4125.5
XAUUSD,2025-10-24,4118.39990234375
XAUUSD,2025-10-27,4001.89990234375
XAUUSD,2025-10-28,3966.199951171875
XAUUSD,2025-10-29,3983.699951171875
XAUUSD,2025-10-30,4001.300048828125
XAUUSD,2025-10-31,3982.199951171875
XAUUSD,2025-11-03,4000.300048828125
XAUUSD,2025-11-04,3947.699951171875
XAUUSD,2025-11-05,3980.300048828125
XAUUSD,2025-11-06,3979.89990234375
XAUUSD,2025-11-07,3999.39990234375
XAUUSD,2025-11-10,4111.7998046875
XAUUSD,2025-11-11,4106.7998046875
XAUUSD,2025-11-12,4204.39990234375
XAUUSD,2025-11-13,4186.89990234375
XAUUSD,2025-11-14,4087.60009765625
XAUUSD,2025-11-17,4068.300048828125
XAUUSD,2025-11-18,4061.300048828125
XAUUSD,2025-11-19,4077.699951171875
XAUUSD,2025-11-20,4056.5
XAUUSD,2025-11-21,4076.699951171875
XAUUSD,2025-11-24,4091.89990234375
XAUUSD,2025-11-25,4139.2001953125
XAUUSD,2025-11-26,4165.2001953125
XAUUSD,2025-11-28,4218.2998046875
XAUUSD,2025-12-01,4239.2998046875
XAUUSD,2025-12-02,4186.60009765625
XAUUSD,2025-12-03,4199.2998046875
XAUUSD,2025-12-04,4211.7998046875
XAUUSD,2025-12-05,4212.89990234375
XAUUSD,2025-12-08,4187.2001953125
XAUUSD,2025-12-09,4206.7001953125
XAUUSD,2025-12-10,4196.39990234375
XAUUSD,2025-12-11,4285.5
XAUUSD,2025-12-12,4300.10009765625
XAUUSD,2025-12-15,4306.7001953125
XAUUSD,2025-12-16,4304.5
XAUUSD,2025-12-17,4347.5
XAUUSD,2025-12-18,4339.5
XAUUSD,2025-12-19,4361.39990234375
XAUUSD,2025-12-22,4444.60009765625
XAUUSD,2025-12-23,4482.7998046875
XAUUSD,2025-12-24,4480.60009765625
XAUUSD,2025-12-26,4529.10009765625
XAUUSD,2025-12-29,4325.10009765625
XAUUSD,2025-12-30,4370.10009765625
XAUUSD,2025-12-31,4325.60009765625
XAUUSD,2026-01-02,4314.39990234375
XAUUSD,2026-01-05,4436.89990234375
XAUUSD,2026-01-06,4482.2001953125
XAUUSD,2026-01-07,4449.2998046875
XAUUSD,2026-01-08,4449.7001953125
XAUUSD,2026-01-09,4490.2998046875
XAUUSD,2026-01-12,4604.2998046875
XAUUSD,2026-01-13,4589.2001953125
XAUUSD,2026-01-14,4626.2998046875
XAUUSD,2026-01-15,4616.2998046875
XAUUSD,2026-01-16,4588.39990234375
XAUUSD,2026-01-20,4759.60009765625
XAUUSD,2026-01-21,4831.7998046875
XAUUSD,2026-01-22,4908.7998046875
XAUUSD,2026-01-23,4976.2001953125
XAUUSD,2026-01-26,5079.7001953125
XAUUSD,2026-01-27,5079.89990234375
XAUUSD,2026-01-28,5301.60009765625
XAUUSD,2026-01-29,5318.39990234375
XAUUSD,2026-01-30,4713.89990234375
XAUUSD,2026-02-02,4622.5
XAUUSD,2026-02-03,4903.7001953125
XAUUSD,2026-02-04,4920.39990234375
XAUUSD,2026-02-05,4861.39990234375
XAUUSD,2026-02-06,4951.2001953125
XAUUSD,2026-02-09,5050.89990234375
XAUUSD,2026-02-10,5003.7998046875
XAUUSD,2026-02-11,5071.60009765625
XAUUSD,2026-02-12,4923.7001953125
XAUUSD,2026-02-13,5022.0
XAUUSD,2026-02-17,4882.89990234375
XAUUSD,2026-02-18,4986.5
XAUUSD,2026-02-19,4975.89990234375
XAUUSD,2026-02-20,5059.2998046875
XAUUSD,2026-02-23,5204.7001953125
XAUUSD,2026-02-24,5155.7998046875
XAUUSD,2026-02-25,5206.39990234375
XAUUSD,2026-02-26,5176.5
XAUUSD,2026-02-27,5230.5
XAUUSD,2026-03-02,5294.39990234375
XAUUSD,2026-03-03,5107.39990234375
XAUUSD,2026-03-04,5120.2001953125
XAUUSD,2026-03-05,5065.2998046875
XAUUSD,2026-03-06,5146.10009765625
XAUUSD,2026-03-09,5091.5
XAUUSD,2026-03-10,5229.7001953125
XAUUSD,2026-03-11,5167.39990234375
XAUUSD,2026-03-12,5115.7998046875
XAUUSD,2026-03-13,5052.5
XAUUSD,2026-03-16,4994.0
XAUUSD,2026-03-17,5001.0
XAUUSD,2026-03-18,4889.89990234375
XAUUSD,2026-03-19,4600.7001953125
XAUUSD,2026-03-20,4570.39990234375
XAUUSD,2026-03-23,4404.10009765625
XAUUSD,2026-03-24,4399.2998046875
XAUUSD,2026-03-25,4549.7998046875
XAUUSD,2026-03-26,4375.5
XAUUSD,2026-03-27,4492.0
XAUUSD,2026-03-30,4526.0
XAUUSD,2026-03-31,4647.60009765625
XAUUSD,2026-04-01,4783.2001953125
XAUUSD,2026-04-02,4651.5
XAUUSD,2026-04-06,4656.7998046875
XAUUSD,2026-04-07,4657.10009765625
XAUUSD,2026-04-08,4749.5
XAUUSD,2026-04-09,4792.2001953125
XAUUSD,2026-04-10,4761.89990234375
XAUUSD,2026-04-13,4742.39990234375
XAUUSD,2026-04-14,4825.0
XAUUSD,2026-04-15,4800.0
XAUUSD,2026-04-16,4785.39990234375
XAUUSD,2026-04-17,4857.60009765625
XAUUSD,2026-04-20,4806.60009765625
XAUUSD,2026-04-21,4698.39990234375
XAUUSD,2026-04-22,4732.5
XAUUSD,2026-04-23,4705.10009765625
XAUUSD,2026-04-24,4722.2998046875
XAUUSD,2026-04-27,4675.39990234375
XAUUSD,2026-04-28,4591.5
XAUUSD,2026-04-29,4545.2001953125
XAUUSD,2026-04-30,4614.7001953125
XAUUSD,2026-05-01,4629.89990234375
XAUUSD,2026-05-04,4519.5
XAUUSD,2026-05-05,4555.7998046875
XAUUSD,2026-05-06,4681.89990234375
XAUUSD,2026-05-07,4699.7998046875
XAUUSD,2026-05-08,4720.39990234375
XAUUSD,2026-05-11,4718.7001953125
XAUUSD,2026-05-12,4677.60009765625
XAUUSD,2026-05-13,4697.7001953125
XAUUSD,2026-05-14,4678.10009765625
XAUUSD,2026-05-15,4555.7998046875
XAUUSD,2026-05-18,4552.5
XAUUSD,2026-05-19,4506.2998046875
XAUUSD,2026-05-20,4531.2998046875
XAUUSD,2026-05-21,4539.7998046875
XAUUSD,2026-05-22,4521.0
XAUUSD,2026-05-26,4500.39990234375
XAUUSD,2026-05-27,4447.5
XAUUSD,2026-05-28,4499.2998046875
XAUUSD,2026-05-29,4560.5
XAUUSD,2026-06-01,4475.2001953125
XAUUSD,2026-06-02,4489.10009765625
XAUUSD,2026-06-03,4436.7001953125
XAUUSD,2026-06-04,4475.7998046875
XAUUSD,2026-06-05,4337.10009765625
XAUUSD,2026-06-08,4335.89990234375
XAUUSD,2026-06-09,4260.0
XAUUSD,2026-06-10,4108.2001953125
XAUUSD,2026-06-11,4090.300048828125
XAUUSD,2026-06-12,4215.0
XAUUSD,2026-06-15,4328.0
XAUUSD,2026-06-16,4330.89990234375
XAUUSD,2026-06-17,4358.89990234375
XAUUSD,2026-06-18,4224.10009765625
XAUUSD,2026-06-22,4181.89990234375
XAUUSD,2026-06-23,4129.89990234375
XAUUSD,2026-06-24,3990.300048828125
XAUUSD,2026-06-25,4030.5
XAUUSD,2026-06-26,4078.699951171875
XAUUSD,2026-06-29,4022.300048828125
XAUUSD,2026-06-30,4022.89990234375
XAUUSD,2026-07-01,4068.300048828125
XAUUSD,2026-07-02,4112.7001953125
XAUUSD,2026-07-06,4155.10009765625
XAUUSD,2026-07-07,4145.2998046875
XAUUSD,2026-07-08,4070.89990234375
XAUUSD,2026-07-09,4130.60009765625
XAUUSD,2026-07-10,4104.10009765625
XAUUSD,2026-07-13,3997.0
XAUUSD,2026-07-14,4061.10009765625
XAUUSD,2026-07-15,4044.0
XAUUSD,2026-07-16,3985.60009765625
XAUUSD,2026-07-17,4012.699951171875
XAUUSD,2026-07-20,4010.300048828125
XAUUSD,2026-07-21,4071.10009765625
XAUUSD,2026-07-22,4146.89990234375
XAUUSD,2026-07-23,4046.60009765625
XAUUSD,2026-07-24,4067.60009765625
XAUUSD,2026-07-27,4074.5
XAUUSD,2026-07-28,4036.300048828125
XAUUSD,2026-07-29,4034.699951171875
XAUUSD,2026-07-30,4100.10009765625
XAUUSD,2026-07-31,4049.10009765625
XAUUSD,2026-08-03,4033.699951171875
XAUUSD,2026-08-04,4095.39990234375
XAUUSD,2026-08-05,4245.7998046875
XAUUSD,2026-08-06,4242.0
XAUUSD,2026-08-07,4340.7001953125
XAUUSD,2026-08-10,4361.7998046875
XAUUSD,2026-08-11,4383.0
XAUUSD,2026-08-12,4408.89990234375
XAUUSD,2026-08-13,4363.60009765625
XAUUSD,2026-08-14,4380.39990234375
XAUUSD,2026-08-17,4417.7998046875
XAUUSD,2026-08-18,4366.0
XAUUSD,2026-08-19,4489.39990234375
XAUUSD,2026-08-20,4516.2998046875
XAUUSD,2026-08-21,4624.10009765625
XAUUSD,2026-08-24,4640.7998046875
XAUUSD,2026-08-25,4638.10009765625
XAUUSD,2026-08-26,4598.2001953125
XAUUSD,2026-08-27,4609.7001953125
XAUUSD,2026-08-28,4478.10009765625
XAUUSD,2026-08-31,4431.10009765625
XAUUSD,2026-09-01,4348.0
XAUUSD,2026-09-02,4366.2998046875
XAUUSD,2026-09-03,4491.7001953125
XAUUSD,2026-09-04,4429.7998046875
XAUUSD,2026-09-08,4393.89990234375
XAUUSD,2026-09-09,4443.5
XAUUSD,2026-09-10,4440.89990234375
XAUUSD,2026-09-11,4359.7001953125
