instrument,date,close,high,low
SPX500,2025-12-31,6858.0,6915.0,6854.7
SPX500,2026-01-01,6865.8,6867.8,6860.0
SPX500,2026-01-02,6865.2,6902.4,6831.1
SPX500,2026-01-04,6871.6,6874.2,6864.2
SPX500,2026-01-05,6907.4,6929.7,6867.2
SPX500,2026-01-06,6953.2,6958.0,6897.0
SPX500,2026-01-07,6931.4,6973.3,6925.0
SPX500,2026-01-08,6931.4,6945.4,6902.0
SPX500,2026-01-09,6972.0,6985.1,6921.8
SPX500,2026-01-11,6965.2,6968.8,6959.0
SPX500,2026-01-12,6974.8,6994.0,6917.4
SPX500,2026-01-13,6967.4,7005.2,6946.2
SPX500,2026-01-14,6930.2,6972.0,6893.3
SPX500,2026-01-15,6960.2,6988.3,6923.0
SPX500,2026-01-16,6949.0,6977.2,6931.0
SPX500,2026-01-18,6904.4,6906.0,6889.0
SPX500,2026-01-19,6880.4,6904.8,6858.7
SPX500,2026-01-20,6806.6,6887.0,6796.8
SPX500,2026-01-21,6899.2,6920.2,6789.2
SPX500,2026-01-22,6915.8,6943.7,6886.2
SPX500,2026-01-23,6909.0,6938.6,6899.6
SPX500,2026-01-25,6889.8,6891.8,6860.7
SPX500,2026-01-26,6958.4,6972.3,6887.2
SPX500,2026-01-27,6990.4,6995.8,6954.8
SPX500,2026-01-28,6974.4,7020.6,6956.0
SPX500,2026-01-29,6965.4,7007.6,6876.6
SPX500,2026-01-30,6942.8,6969.6,6896.4
SPX500,2026-02-01,6926.0,6931.6,6897.6
SPX500,2026-02-02,6996.4,7003.2,6844.0
SPX500,2026-02-03,6924.8,7008.4,6867.5
SPX500,2026-02-04,6901.0,6947.4,6844.9
SPX500,2026-02-05,6755.0,6917.8,6747.8
SPX500,2026-02-06,6930.2,6949.4,6735.4
SPX500,2026-02-08,6956.2,6961.4,6942.4
SPX500,2026-02-09,6963.8,6985.7,6904.2
SPX500,2026-02-10,6960.0,6990.9,6942.6
SPX500,2026-02-11,6942.8,6996.7,6916.9
SPX500,2026-02-12,6845.8,6977.8,6828.2
SPX500,2026-02-13,6835.6,6884.2,6794.2
SPX500,2026-02-15,6847.0,6847.8,6830.6
SPX500,2026-02-16,6851.8,6872.0,6827.4
SPX500,2026-02-17,6838.0,6872.1,6778.6
SPX500,2026-02-18,6882.4,6914.0,6837.6
SPX500,2026-02-19,6868.2,6899.8,6835.9
SPX500,2026-02-20,6914.0,6919.3,6835.5
SPX500,2026-02-22,6894.8,6910.4,6889.0
SPX500,2026-02-23,6847.4,6918.8,6821.8
SPX500,2026-02-24,6895.0,6903.2,6818.7
SPX500,2026-02-25,6939.8,6973.0,6883.2
SPX500,2026-02-26,6883.8,6961.4,6862.0
SPX500,2026-02-27,6868.8,6907.0,6832.9
SPX500,2026-03-01,6808.4,6829.8,6803.8
SPX500,2026-03-02,6868.2,6902.5,6760.4
SPX500,2026-03-03,6805.0,6871.0,6710.2
SPX500,2026-03-04,6880.0,6888.7,6767.8
SPX500,2026-03-05,6835.2,6895.2,6772.0
SPX500,2026-03-06,6737.8,6847.6,6709.9
SPX500,2026-03-08,6622.4,6663.3,6606.6
SPX500,2026-03-09,6767.4,6814.5,6579.0
SPX500,2026-03-10,6792.8,6847.9,6757.8
SPX500,2026-03-11,6725.4,6818.4,6711.4
SPX500,2026-03-12,6676.2,6756.8,6668.8
SPX500,2026-03-13,6623.4,6733.4,6622.2
SPX500,2026-03-15,6645.0,6659.0,6612.2
SPX500,2026-03-16,6708.2,6732.3,6644.6
SPX500,2026-03-17,6723.0,6764.4,6671.8
SPX500,2026-03-18,6627.2,6770.4,6612.4
SPX500,2026-03-19,6631.6,6652.2,6568.7
SPX500,2026-03-20,6545.2,6643.8,6483.0
SPX500,2026-03-22,6498.2,6520.2,6474.0
SPX500,2026-03-23,6605.0,6705.7,6442.4
SPX500,2026-03-24,6612.2,6640.6,6533.5
SPX500,2026-03-25,6590.8,6645.6,6577.6
SPX500,2026-03-26,6513.6,6608.0,6479.8
SPX500,2026-03-27,6362.4,6530.8,6353.6
SPX500,2026-03-29,6332.0,6352.0,6327.4
SPX500,2026-03-30,6339.0,6445.4,6324.8
SPX500,2026-03-31,6555.6,6557.6,6320.4
SPX500,2026-04-01,6579.8,6619.0,6541.4
SPX500,2026-04-02,6589.8,6599.0,6468.8
SPX500,2026-04-03,6568.0,6602.8,6564.2
SPX500,2026-04-05,6552.8,6555.0,6532.6
SPX500,2026-04-06,6610.4,6628.0,6551.8
SPX500,2026-04-07,6773.0,6787.4,6541.3
SPX500,2026-04-08,6780.4,6815.8,6748.8
SPX500,2026-04-09,6823.6,6844.1,6760.4
SPX500,2026-04-10,6830.0,6853.8,6814.1
SPX500,2026-04-12,6752.0,6761.8,6734.8
SPX500,2026-04-13,6895.2,6901.0,6745.0
SPX500,2026-04-14,6977.8,6982.8,6890.0
SPX500,2026-04-15,7038.2,7039.2,6961.2
SPX500,2026-04-16,7053.4,7059.0,7015.9
SPX500,2026-04-17,7134.2,7155.6,7045.4
SPX500,2026-04-19,7076.6,7085.6,7055.6
SPX500,2026-04-20,7127.0,7133.0,7071.4
SPX500,2026-04-21,7103.8,7155.0,7057.9
SPX500,2026-04-22,7135.8,7146.2,7101.4
SPX500,2026-04-23,7126.0,7154.6,7052.8
SPX500,2026-04-24,7170.2,7174.7,7108.2
SPX500,2026-04-26,7153.0,7157.0,7145.6
SPX500,2026-04-27,7193.6,7197.2,7151.4
SPX500,2026-04-28,7156.4,7199.6,7122.7
SPX500,2026-04-29,7170.2,7174.0,7109.2
SPX500,2026-04-30,7230.8,7241.4,7111.4
SPX500,2026-05-01,7226.2,7278.5,7219.2
SPX500,2026-05-03,7239.8,7254.0,7237.4
SPX500,2026-05-04,7207.2,7252.4,7179.8
SPX500,2026-05-05,7295.2,7300.6,7203.8
SPX500,2026-05-06,7361.0,7377.0,7280.2
SPX500,2026-05-07,7343.6,7391.8,7325.8
SPX500,2026-05-08,7401.0,7409.1,7343.8
SPX500,2026-05-10,7383.4,7389.6,7371.6
SPX500,2026-05-11,7421.2,7436.8,7377.8
SPX500,2026-05-12,7395.2,7421.2,7345.9
SPX500,2026-05-13,7464.2,7467.8,7382.4
SPX500,2026-05-14,7504.2,7524.4,7454.8
SPX500,2026-05-15,7404.8,7509.8,7393.4
SPX500,2026-05-17,7395.0,7418.6,7381.6
SPX500,2026-05-18,7414.8,7437.6,7357.8
SPX500,2026-05-19,7368.2,7426.2,7340.0
SPX500,2026-05-20,7407.0,7444.4,7342.6
SPX500,2026-05-21,7466.4,7473.7,7395.2
SPX500,2026-05-22,7471.4,7511.4,7456.6
SPX500,2026-05-24,7524.8,7531.2,7513.2
SPX500,2026-05-25,7534.6,7557.4,7522.6
SPX500,2026-05-26,7533.4,7542.1,7506.9
SPX500,2026-05-27,7525.0,7560.4,7505.6
SPX500,2026-05-28,7576.0,7583.2,7496.2
SPX500,2026-05-29,7582.2,7602.2,7563.6
SPX500,2026-05-31,7596.2,7597.2,7576.4
SPX500,2026-06-01,7588.8,7625.0,7567.0
SPX500,2026-06-02,7618.0,7624.9,7569.4
SPX500,2026-06-03,7527.4,7620.8,7522.4
SPX500,2026-06-04,7566.0,7605.2,7517.8
SPX500,2026-06-05,7361.4,7571.6,7353.0
SPX500,2026-06-07,7393.6,7397.4,7349.0
SPX500,2026-06-08,7405.6,7469.9,7377.6
SPX500,2026-06-09,7374.6,7486.2,7242.6
SPX500,2026-06-10,7246.2,7400.6,7229.2
SPX500,2026-06-11,7412.2,7417.2,7242.4
SPX500,2026-06-12,7435.4,7459.1,7363.6
SPX500,2026-06-14,7494.4,7502.0,7482.6
SPX500,2026-06-15,7560.4,7581.6,7491.8
SPX500,2026-06-16,7540.8,7576.2,7527.2
SPX500,2026-06-17,7491.4,7561.4,7422.8
SPX500,2026-06-18,7516.0,7533.2,7481.4
SPX500,2026-06-19,7507.8,7518.8,7471.2
SPX500,2026-06-21,7465.8,7499.2,7463.2
SPX500,2026-06-22,7484.6,7548.9,7464.4
SPX500,2026-06-23,7401.2,7498.0,7367.8
SPX500,2026-06-24,7426.2,7451.2,7359.1
SPX500,2026-06-25,7379.4,7450.4,7345.1
SPX500,2026-06-26,7357.8,7414.9,7312.6
SPX500,2026-06-28,7404.0,7412.2,7363.6
SPX500,2026-06-29,7452.8,7463.3,7365.7
SPX500,2026-06-30,7502.2,7525.2,7439.4
SPX500,2026-07-01,7492.4,7536.8,7463.4
SPX500,2026-07-02,7495.0,7551.5,7438.3
SPX500,2026-07-03,7516.6,7523.8,7486.0
SPX500,2026-07-05,7527.8,7528.6,7509.6
SPX500,2026-07-06,7546.4,7563.1,7496.0
SPX500,2026-07-07,7500.8,7555.4,7490.2
SPX500,2026-07-08,7489.4,7524.8,7430.4
SPX500,2026-07-09,7551.0,7558.0,7487.2
SPX500,2026-07-10,7588.6,7591.4,7515.1
SPX500,2026-07-12,7561.8,7573.4,7554.8
SPX500,2026-07-13,7518.0,7578.0,7506.2
SPX500,2026-07-14,7568.2,7578.2,7496.4
SPX500,2026-07-15,7582.6,7591.6,7538.1
SPX500,2026-07-16,7527.4,7598.0,7515.3
SPX500,2026-07-17,7462.6,7530.4,7439.9
SPX500,2026-07-19,7470.8,7471.6,7448.6
SPX500,2026-07-20,7451.6,7518.4,7439.6
SPX500,2026-07-21,7509.4,7520.4,7440.4
SPX500,2026-07-22,7501.0,7529.3,7471.0
SPX500,2026-07-23,7420.0,7520.2,7382.5
SPX500,2026-07-24,7415.8,7467.5,7402.9
SPX500,2026-07-26,7482.2,7483.2,7461.2
SPX500,2026-07-27,7421.8,7495.6,7390.5
SPX500,2026-07-28,7469.4,7469.8,7391.3
SPX500,2026-07-29,7353.6,7475.2,7299.6
SPX500,2026-07-30,7464.6,7474.6,7327.0
SPX500,2026-07-31,7483.6,7518.2,7404.4
SPX500,2026-08-02,7528.2,7534.4,7520.4
SPX500,2026-08-03,7614.2,7616.2,7519.7
SPX500,2026-08-04,7756.0,7764.6,7608.2
SPX500,2026-08-05,7740.4,7798.8,7724.6
SPX500,2026-08-06,7719.6,7747.1,7703.1
SPX500,2026-08-07,7757.0,7766.7,7705.2
SPX500,2026-08-09,7745.8,7755.6,7742.6
SPX500,2026-08-10,7752.6,7775.9,7744.1
SPX500,2026-08-11,7737.8,7777.8,7722.2
SPX500,2026-08-12,7751.6,7776.4,7731.2
SPX500,2026-08-13,7808.4,7821.6,7747.6
SPX500,2026-08-14,7786.4,7814.4,7780.3
SPX500,2026-08-16,7795.0,7795.8,7787.0
SPX500,2026-08-17,7753.2,7807.4,7747.6
SPX500,2026-08-18,7696.0,7755.4,7692.2
SPX500,2026-08-19,7725.2,7750.2,7683.6
SPX500,2026-08-20,7651.8,7730.2,7643.8
SPX500,2026-09-04,7718.60009765625,7750.18994140625,7706.1201171875
CHFJPY,2025-12-31,197.659,198.061,197.156
CHFJPY,2026-01-01,197.88,197.968,197.646
CHFJPY,2026-01-02,197.944,198.174,197.532
CHFJPY,2026-01-04,197.92,198.108,197.647
CHFJPY,2026-01-05,197.686,198.336,196.845
CHFJPY,2026-01-06,196.878,197.86,196.828
CHFJPY,2026-01-07,196.446,197.256,196.371
CHFJPY,2026-01-08,196.341,196.823,196.084
CHFJPY,2026-01-09,197.108,197.474,196.343
CHFJPY,2026-01-11,197.268,197.465,197.163
CHFJPY,2026-01-12,198.136,198.59,197.242
CHFJPY,2026-01-13,198.712,199.455,198.1
CHFJPY,2026-01-14,198.074,198.916,197.572
CHFJPY,2026-01-15,197.404,198.262,197.215
CHFJPY,2026-01-16,196.88,197.466,196.784
CHFJPY,2026-01-18,197.248,197.546,196.664
CHFJPY,2026-01-19,198.21,198.406,197.065
CHFJPY,2026-01-20,200.278,200.332,197.908
CHFJPY,2026-01-21,198.97,200.316,198.85
CHFJPY,2026-01-22,200.846,200.891,198.819
CHFJPY,2026-01-23,199.594,201.318,198.525
CHFJPY,2026-01-25,199.414,200.106,198.834
CHFJPY,2026-01-26,198.61,199.533,197.264
CHFJPY,2026-01-27,199.908,200.178,197.406
CHFJPY,2026-01-28,199.984,199.995,198.545
CHFJPY,2026-01-29,200.342,200.4,198.558
CHFJPY,2026-01-30,200.241,201.166,199.83
CHFJPY,2026-02-01,200.608,201.088,200.406
CHFJPY,2026-02-02,199.566,200.944,199.112
CHFJPY,2026-02-03,200.826,201.116,199.562
CHFJPY,2026-02-04,201.848,202.102,200.786
CHFJPY,2026-02-05,201.6,202.342,201.427
CHFJPY,2026-02-06,202.701,202.718,201.362
CHFJPY,2026-02-08,202.702,203.122,202.456
CHFJPY,2026-02-09,203.562,203.571,201.63
CHFJPY,2026-02-10,201.008,203.665,200.938
CHFJPY,2026-02-11,198.728,201.014,198.17
CHFJPY,2026-02-12,198.554,200.0,197.658
CHFJPY,2026-02-13,198.93,199.712,198.506
CHFJPY,2026-02-15,198.866,198.937,198.644
CHFJPY,2026-02-16,199.498,199.72,198.848
CHFJPY,2026-02-17,198.804,199.543,198.532
CHFJPY,2026-02-18,200.27,200.425,198.736
CHFJPY,2026-02-19,200.162,201.001,199.586
CHFJPY,2026-02-20,199.883,200.721,199.796
CHFJPY,2026-02-22,199.982,200.206,199.838
CHFJPY,2026-02-23,199.747,200.235,199.346
CHFJPY,2026-02-24,201.458,201.698,199.719
CHFJPY,2026-02-25,202.25,202.557,201.034
CHFJPY,2026-02-26,201.571,202.292,201.221
CHFJPY,2026-02-27,202.948,203.396,201.332
CHFJPY,2026-03-01,203.538,203.637,203.233
CHFJPY,2026-03-02,201.947,204.014,201.686
CHFJPY,2026-03-03,201.734,202.203,200.424
CHFJPY,2026-03-04,201.464,201.958,200.612
CHFJPY,2026-03-05,201.781,202.13,200.985
CHFJPY,2026-03-06,203.373,203.444,201.606
CHFJPY,2026-03-08,202.772,203.243,202.626
CHFJPY,2026-03-09,202.932,203.724,202.707
CHFJPY,2026-03-10,203.06,203.542,202.638
CHFJPY,2026-03-11,203.498,204.026,202.973
CHFJPY,2026-03-12,202.743,203.68,202.651
CHFJPY,2026-03-13,201.848,202.839,201.724
CHFJPY,2026-03-15,201.989,202.114,201.7
CHFJPY,2026-03-16,201.902,202.234,201.114
CHFJPY,2026-03-17,202.504,202.682,201.814
CHFJPY,2026-03-18,201.624,202.724,201.43
CHFJPY,2026-03-19,200.175,201.803,199.498
CHFJPY,2026-03-20,202.064,202.176,200.116
CHFJPY,2026-03-22,202.027,202.528,201.957
CHFJPY,2026-03-23,201.468,202.38,200.568
CHFJPY,2026-03-24,201.383,201.769,200.599
CHFJPY,2026-03-25,201.356,201.652,200.87
CHFJPY,2026-03-26,200.97,201.522,200.77
CHFJPY,2026-03-27,200.667,201.098,200.298
CHFJPY,2026-03-29,200.334,200.92,200.316
CHFJPY,2026-03-30,199.82,200.352,199.158
CHFJPY,2026-03-31,198.737,200.214,197.738
CHFJPY,2026-04-01,199.85,200.272,198.644
CHFJPY,2026-04-02,199.672,200.099,199.081
CHFJPY,2026-04-03,199.486,200.043,199.195
CHFJPY,2026-04-05,199.416,199.735,199.304
CHFJPY,2026-04-06,200.079,200.312,199.12
CHFJPY,2026-04-07,200.8,200.831,199.65
CHFJPY,2026-04-08,200.456,200.982,200.199
CHFJPY,2026-04-09,201.151,201.67,200.404
CHFJPY,2026-04-10,201.828,202.565,201.137
CHFJPY,2026-04-12,201.451,201.933,201.394
CHFJPY,2026-04-13,203.283,203.462,201.41
CHFJPY,2026-04-14,203.345,203.906,203.028
CHFJPY,2026-04-15,203.264,203.591,203.079
CHFJPY,2026-04-16,203.268,203.406,202.8
CHFJPY,2026-04-17,202.901,203.658,202.538
CHFJPY,2026-04-19,203.068,203.204,202.814
CHFJPY,2026-04-20,204.036,204.15,202.872
CHFJPY,2026-04-21,204.184,204.426,203.806
CHFJPY,2026-04-22,203.209,204.339,203.178
CHFJPY,2026-04-23,203.178,203.672,202.957
CHFJPY,2026-04-24,203.002,203.294,202.67
CHFJPY,2026-04-26,202.926,203.23,202.787
CHFJPY,2026-04-27,202.982,203.232,202.792
CHFJPY,2026-04-28,202.194,203.044,201.805
CHFJPY,2026-04-29,202.678,202.876,202.107
CHFJPY,2026-04-30,200.905,203.095,198.251
CHFJPY,2026-05-01,200.914,201.346,199.42
CHFJPY,2026-05-03,200.869,201.033,200.662
CHFJPY,2026-05-04,200.539,201.349,199.672
CHFJPY,2026-05-05,201.776,201.826,200.424
CHFJPY,2026-05-06,200.954,202.027,199.006
CHFJPY,2026-05-07,200.965,201.344,200.51
CHFJPY,2026-05-08,201.799,201.916,200.889
CHFJPY,2026-05-10,201.674,201.786,201.204
CHFJPY,2026-05-11,202.032,202.173,201.554
CHFJPY,2026-05-12,201.942,202.283,201.232
CHFJPY,2026-05-13,201.944,202.136,201.521
CHFJPY,2026-05-14,201.951,202.148,201.215
CHFJPY,2026-05-15,201.761,202.003,201.489
CHFJPY,2026-05-17,201.756,201.859,201.582
CHFJPY,2026-05-18,202.514,202.598,201.748
CHFJPY,2026-05-19,201.616,202.578,201.092
CHFJPY,2026-05-20,201.852,201.985,201.093
CHFJPY,2026-05-21,202.164,202.3,201.533
CHFJPY,2026-05-22,202.775,203.006,202.038
CHFJPY,2026-05-24,203.186,203.248,202.505
CHFJPY,2026-05-25,202.94,203.488,202.839
CHFJPY,2026-05-26,202.818,203.042,202.619
CHFJPY,2026-05-27,202.528,203.158,202.517
CHFJPY,2026-05-28,203.196,203.228,201.848
CHFJPY,2026-05-29,203.954,204.204,202.975
CHFJPY,2026-05-31,203.82,204.111,203.794
CHFJPY,2026-06-01,203.023,203.89,202.563
CHFJPY,2026-06-02,202.92,203.598,202.873
CHFJPY,2026-06-03,202.188,203.05,201.894
CHFJPY,2026-06-04,202.732,203.086,201.847
CHFJPY,2026-06-05,201.334,203.138,201.026
CHFJPY,2026-06-07,201.298,201.568,201.092
CHFJPY,2026-06-08,200.678,201.499,200.319
CHFJPY,2026-06-09,200.67,201.484,200.595
CHFJPY,2026-06-10,200.667,201.308,200.524
CHFJPY,2026-06-11,201.41,201.456,200.335
CHFJPY,2026-06-12,201.013,201.428,200.948
CHFJPY,2026-06-14,201.472,201.558,200.774
CHFJPY,2026-06-15,201.688,202.093,201.454
CHFJPY,2026-06-16,202.244,202.417,201.319
CHFJPY,2026-06-17,200.9,202.61,200.604
CHFJPY,2026-06-18,200.38,201.255,199.767
CHFJPY,2026-06-19,199.867,200.45,199.469
CHFJPY,2026-06-21,199.78,199.924,199.608
CHFJPY,2026-06-22,199.764,200.406,199.363
CHFJPY,2026-06-23,199.57,200.046,199.182
CHFJPY,2026-06-24,199.072,199.576,198.709
CHFJPY,2026-06-25,199.587,199.872,198.93
CHFJPY,2026-06-26,199.736,200.372,199.474
CHFJPY,2026-06-28,199.725,199.808,199.63
CHFJPY,2026-06-29,200.452,200.653,199.654
CHFJPY,2026-06-30,201.092,201.555,200.252
CHFJPY,2026-07-01,200.868,201.195,200.388
CHFJPY,2026-07-02,200.708,201.029,199.552
CHFJPY,2026-07-03,200.875,200.938,200.302
CHFJPY,2026-07-05,200.87,200.925,200.736
CHFJPY,2026-07-06,201.328,201.596,200.86
CHFJPY,2026-07-07,200.686,201.366,200.462
CHFJPY,2026-07-08,201.13,201.257,200.606
CHFJPY,2026-07-09,201.303,201.495,201.087
CHFJPY,2026-07-10,200.052,201.332,199.936
CHFJPY,2026-07-12,199.996,200.289,199.848
CHFJPY,2026-07-13,199.375,200.668,199.311
CHFJPY,2026-07-14,200.461,200.821,199.22
CHFJPY,2026-07-15,201.433,201.53,200.105
CHFJPY,2026-07-16,200.868,201.488,200.708
CHFJPY,2026-07-17,201.154,201.446,200.681
CHFJPY,2026-07-19,201.018,201.158,200.755
CHFJPY,2026-07-20,200.606,201.366,200.498
CHFJPY,2026-07-21,200.812,201.022,200.422
CHFJPY,2026-07-22,200.293,200.922,200.198
CHFJPY,2026-07-23,200.558,200.826,200.092
CHFJPY,2026-07-24,200.269,200.775,200.17
CHFJPY,2026-07-26,200.444,200.61,200.254
CHFJPY,2026-07-27,199.872,200.938,199.82
CHFJPY,2026-07-28,199.962,200.384,199.744
CHFJPY,2026-07-29,200.763,200.962,199.517
CHFJPY,2026-07-30,198.787,200.762,196.058
CHFJPY,2026-07-31,195.088,199.334,194.924
CHFJPY,2026-08-02,195.26,195.611,194.693
CHFJPY,2026-08-03,194.397,195.58,192.645
CHFJPY,2026-08-04,194.912,195.022,194.159
CHFJPY,2026-08-05,195.38,195.504,194.688
CHFJPY,2026-08-06,195.016,195.628,194.702
CHFJPY,2026-08-07,195.306,195.509,194.224
CHFJPY,2026-08-09,195.376,195.425,195.015
CHFJPY,2026-08-10,196.531,196.704,195.312
CHFJPY,2026-08-11,196.377,196.609,196.196
CHFJPY,2026-08-12,195.931,196.44,195.494
CHFJPY,2026-08-13,195.824,196.32,195.594
CHFJPY,2026-08-14,195.858,196.246,195.47
CHFJPY,2026-08-16,195.922,196.324,195.792
CHFJPY,2026-08-17,196.546,197.024,195.836
CHFJPY,2026-08-18,196.436,197.01,196.37
CHFJPY,2026-08-19,198.376,198.478,195.941
CHFJPY,2026-08-20,198.72,199.082,198.051
CHFJPY,2026-09-07,191.24400329589844,192.9080047607422,190.4770050048828
US30,2025-12-31,48145.2,48461.4,48106.8
US30,2026-01-01,48190.6,48213.1,48143.6
US30,2026-01-02,48392.9,48447.4,47875.6
US30,2026-01-04,48407.4,48437.4,48376.9
US30,2026-01-05,49008.0,49265.8,48352.9
US30,2026-01-06,49530.6,49565.2,48891.0
US30,2026-01-07,49061.2,49673.2,48983.2
US30,2026-01-08,49337.9,49409.9,48802.7
US30,2026-01-09,49539.8,49602.4,49215.4
US30,2026-01-11,49465.6,49498.6,49439.6
US30,2026-01-12,49566.0,49668.0,49018.2
US30,2026-01-13,49186.1,49716.5,49100.6
US30,2026-01-14,49126.1,49225.6,48882.6
US30,2026-01-15,49508.1,49626.2,49102.6
US30,2026-01-16,49397.2,49634.2,49259.2
US30,2026-01-18,49132.7,49156.2,49027.7
US30,2026-01-19,48971.4,49131.2,48895.2
US30,2026-01-20,48548.7,48993.9,48469.8
US30,2026-01-21,49183.0,49346.0,48346.7
US30,2026-01-22,49385.8,49659.8,49119.5
US30,2026-01-23,49043.8,49479.8,48984.4
US30,2026-01-25,48960.8,48977.3,48780.3
US30,2026-01-26,49282.7,49522.8,48956.8
US30,2026-01-27,49018.6,49443.2,48894.6
US30,2026-01-28,48909.8,49175.6,48882.3
US30,2026-01-29,48988.4,49333.8,48612.8
US30,2026-01-30,48891.5,49065.4,48467.0
US30,2026-02-01,48875.5,48895.0,48663.0
US30,2026-02-02,49446.4,49515.0,48407.0
US30,2026-02-03,49319.0,49681.4,48848.0
US30,2026-02-04,49488.3,49680.0,49136.6
US30,2026-02-05,48735.1,49614.8,48704.1
US30,2026-02-06,50137.6,50196.2,48633.1
US30,2026-02-08,50234.5,50270.5,50202.5
US30,2026-02-09,50109.6,50256.5,49839.6
US30,2026-02-10,50289.2,50541.2,50037.6
US30,2026-02-11,50123.5,50518.8,49911.2
US30,2026-02-12,49469.4,50460.0,49421.9
US30,2026-02-13,49472.0,49749.6,49079.0
US30,2026-02-15,49524.5,49532.0,49437.5
US30,2026-02-16,49588.1,49752.0,49490.0
US30,2026-02-17,49488.5,49719.2,49165.6
US30,2026-02-18,49654.9,49908.0,49432.0
US30,2026-02-19,49411.5,49727.9,49202.0
US30,2026-02-20,49633.7,49715.6,49149.6
US30,2026-02-22,49529.7,49618.7,49487.7
US30,2026-02-23,48847.7,49714.2,48741.8
US30,2026-02-24,49188.9,49307.4,48761.8
US30,2026-02-25,49396.0,49548.0,49090.9
US30,2026-02-26,49225.3,49837.0,49179.3
US30,2026-02-27,48881.0,49360.8,48665.8
US30,2026-03-01,48366.3,48513.8,48353.8
US30,2026-03-02,48808.8,49057.8,48103.8
US30,2026-03-03,48414.0,48829.3,47607.4
US30,2026-03-04,48754.0,48864.0,48213.5
US30,2026-03-05,48014.6,48837.5,47568.6
US30,2026-03-06,47445.1,48079.1,46981.6
US30,2026-03-08,46594.5,46863.0,46353.0
US30,2026-03-09,47535.8,47887.6,46276.5
US30,2026-03-10,47744.8,48227.0,47432.8
US30,2026-03-11,47013.5,47930.8,46900.5
US30,2026-03-12,46729.3,47203.5,46661.1
US30,2026-03-13,46484.7,47115.4,46414.3
US30,2026-03-15,46629.0,46715.0,46409.5
US30,2026-03-16,46925.5,47174.6,46560.5
US30,2026-03-17,46971.0,47429.6,46670.5
US30,2026-03-18,46196.0,47328.0,46092.5
US30,2026-03-19,46197.0,46348.0,45783.6
US30,2026-03-20,45844.0,46301.5,45421.0
US30,2026-03-22,45587.0,45722.5,45351.5
US30,2026-03-23,46346.5,46971.0,45213.5
US30,2026-03-24,46511.8,46682.3,45815.6
US30,2026-03-25,46420.3,46812.8,46255.8
US30,2026-03-26,46227.9,46615.8,45958.4
US30,2026-03-27,45108.1,46289.4,45070.6
US30,2026-03-29,44917.6,45028.6,44854.1
US30,2026-03-30,45217.2,45714.6,44863.1
US30,2026-03-31,46451.9,46466.9,45102.2
US30,2026-04-01,46606.0,46898.9,46397.9
US30,2026-04-02,46554.7,46729.0,45881.5
US30,2026-04-03,46434.7,46690.7,46397.2
US30,2026-04-05,46281.0,46311.5,46167.5
US30,2026-04-06,46748.2,46872.2,46270.0
US30,2026-04-07,47568.3,47644.3,46246.2
US30,2026-04-08,47911.9,48088.4,47469.8
US30,2026-04-09,48195.0,48379.0,47721.9
US30,2026-04-10,47999.4,48338.0,47895.4
US30,2026-04-12,47455.9,47542.9,47356.9
US30,2026-04-13,48260.9,48296.4,47420.9
US30,2026-04-14,48595.0,48645.0,48181.9
US30,2026-04-15,48580.9,48748.0,48327.4
US30,2026-04-16,48701.0,48718.0,48374.0
US30,2026-04-17,49514.5,49772.0,48667.5
US30,2026-04-19,49008.2,49102.7,48928.2
US30,2026-04-20,49562.0,49593.5,48979.2
US30,2026-04-21,49402.9,49899.0,49089.4
US30,2026-04-22,49355.4,49669.0,49282.4
US30,2026-04-23,49320.2,49567.0,48900.0
US30,2026-04-24,49292.5,49455.2,49100.2
US30,2026-04-26,49148.0,49194.5,49099.5
US30,2026-04-27,49281.5,49392.0,49059.0
US30,2026-04-28,49270.1,49434.0,49121.2
US30,2026-04-29,48748.0,49307.6,48686.0
US30,2026-04-30,49803.2,49844.2,48503.0
US30,2026-05-01,49494.6,50035.8,49465.1
US30,2026-05-03,49601.6,49682.6,49577.6
US30,2026-05-04,49011.1,49608.1,48939.6
US30,2026-05-05,49418.4,49478.9,48980.6
US30,2026-05-06,49922.4,50061.4,49385.4
US30,2026-05-07,49640.2,50165.4,49515.6
US30,2026-05-08,49665.7,49878.2,49511.8
US30,2026-05-10,49479.5,49526.5,49399.0
US30,2026-05-11,49741.8,49810.4,49402.0
US30,2026-05-12,49757.6,49865.2,49332.8
US30,2026-05-13,49847.4,49870.4,49476.6
US30,2026-05-14,50040.3,50242.6,49818.9
US30,2026-05-15,49433.4,50043.8,49370.4
US30,2026-05-17,49383.9,49489.9,49309.4
US30,2026-05-18,49684.0,49780.4,49086.4
US30,2026-05-19,49429.5,49766.0,49251.0
US30,2026-05-20,49925.9,50107.0,49237.5
US30,2026-05-21,50392.3,50417.0,49719.0
US30,2026-05-22,50563.0,50858.0,50372.8
US30,2026-05-24,50852.5,50901.5,50806.0
US30,2026-05-25,50954.2,51151.0,50847.5
US30,2026-05-26,50548.2,50962.2,50378.2
US30,2026-05-27,50679.9,50849.2,50461.7
US30,2026-05-28,50699.5,50810.4,50345.4
US30,2026-05-29,51018.8,51107.8,50666.5
US30,2026-05-31,51045.6,51059.6,50934.6
US30,2026-06-01,50927.7,51322.6,50762.6
US30,2026-06-02,51346.0,51389.0,50783.7
US30,2026-06-03,50750.5,51362.0,50690.4
US30,2026-06-04,51577.6,51692.6,50690.0
US30,2026-06-05,50740.2,51777.6,50681.7
US30,2026-06-07,50804.2,50853.7,50569.2
US30,2026-06-08,50762.1,51277.8,50619.2
US30,2026-06-09,50756.9,51276.2,50222.6
US30,2026-06-10,49796.9,50860.9,49719.4
US30,2026-06-11,50928.6,50984.2,49787.9
US30,2026-06-12,51210.3,51415.0,50802.6
US30,2026-06-14,51529.3,51552.8,51437.3
US30,2026-06-15,51719.0,51968.8,51514.8
US30,2026-06-16,52204.0,52288.0,51704.0
US30,2026-06-17,51878.0,52422.6,51539.6
US30,2026-06-18,51709.8,52078.0,51669.8
US30,2026-06-19,51595.4,51711.3,51497.8
US30,2026-06-21,51468.3,51575.3,51418.8
US30,2026-06-22,51875.0,52010.8,51446.3
US30,2026-06-23,51821.0,52010.6,51414.5
US30,2026-06-24,52060.4,52407.0,51664.0
US30,2026-06-25,52129.0,52824.4,51948.9
US30,2026-06-26,51945.6,52277.6,51744.0
US30,2026-06-28,52150.1,52197.1,51969.1
US30,2026-06-29,52262.1,52442.2,52003.6
US30,2026-06-30,52320.9,52512.4,52129.2
US30,2026-07-01,52356.1,52855.8,52129.4
US30,2026-07-02,52972.0,52980.0,52298.6
US30,2026-07-03,52923.6,53153.0,52826.5
US30,2026-07-05,52996.6,52999.1,52879.6
US30,2026-07-06,53124.8,53200.8,52703.2
US30,2026-07-07,52902.0,53414.8,52839.8
US30,2026-07-08,52373.0,52974.0,52108.6
US30,2026-07-09,52529.7,52647.2,52278.0
US30,2026-07-10,52758.9,52777.4,52288.8
US30,2026-07-12,52592.4,52648.4,52537.9
US30,2026-07-13,52492.0,52899.0,52396.0
US30,2026-07-14,52672.5,52774.6,52054.5
US30,2026-07-15,52723.5,52895.0,52495.0
US30,2026-07-16,52511.8,52921.6,52428.8
US30,2026-07-17,52196.3,52653.8,51992.8
US30,2026-07-19,52181.9,52195.4,52068.4
US30,2026-07-20,51924.4,52463.0,51826.4
US30,2026-07-21,52254.4,52419.4,51863.4
US30,2026-07-22,52263.7,52548.4,52094.4
US30,2026-07-23,51724.3,52354.2,51570.2
US30,2026-07-24,51934.3,52152.8,51713.3
US30,2026-07-26,52291.3,52300.3,52176.3
US30,2026-07-27,52255.0,52629.8,52016.0
US30,2026-07-28,52824.1,52960.6,52140.5
US30,2026-07-29,51780.5,52889.6,51498.5
US30,2026-07-30,52355.5,52376.5,51595.0
US30,2026-07-31,52420.3,52652.8,51998.6
US30,2026-08-02,52697.3,52755.3,52665.8
US30,2026-08-03,53302.0,53335.0,52659.3
US30,2026-08-04,54245.4,54318.4,53168.0
US30,2026-08-05,54480.9,54780.0,54241.4
US30,2026-08-06,53907.0,54574.9,53861.5
US30,2026-08-07,54031.0,54109.5,53788.5
US30,2026-08-09,53899.9,53976.9,53899.9
US30,2026-08-10,53926.6,54066.4,53850.0
US30,2026-08-11,53822.5,54238.6,53775.6
US30,2026-08-12,53803.7,54069.5,53753.6
US30,2026-08-13,53880.7,54074.2,53641.2
US30,2026-08-14,53720.1,53927.7,53679.2
US30,2026-08-16,53751.6,53766.6,53716.6
US30,2026-08-17,53484.6,53763.1,53416.6
US30,2026-08-18,53346.8,53538.1,53262.6
US30,2026-08-19,53509.1,53727.4,53282.8
US30,2026-08-20,52805.1,53534.6,52763.8
US30,2026-09-04,53414.25,53635.3515625,53289.87890625
NAS100_USD,2025-12-31,25268.6,25550.0,25268.3
NAS100_USD,2026-01-01,25331.7,25337.7,25284.4
NAS100_USD,2026-01-02,25231.0,25638.0,25103.7
NAS100_USD,2026-01-04,25295.8,25301.0,25245.2
NAS100_USD,2026-01-05,25412.6,25547.9,25274.0
NAS100_USD,2026-01-06,25673.4,25693.0,25374.3
NAS100_USD,2026-01-07,25673.6,25846.8,25575.6
NAS100_USD,2026-01-08,25529.8,25694.5,25420.5
NAS100_USD,2026-01-09,25786.6,25840.3,25470.0
NAS100_USD,2026-01-11,25748.4,25776.7,25725.4
NAS100_USD,2026-01-12,25756.8,25877.9,25488.6
NAS100_USD,2026-01-13,25753.4,25906.4,25667.3
NAS100_USD,2026-01-14,25472.6,25787.7,25288.8
NAS100_USD,2026-01-15,25609.4,25819.8,25430.4
NAS100_USD,2026-01-16,25552.6,25759.0,25459.7
NAS100_USD,2026-01-18,25338.4,25339.5,25276.4
NAS100_USD,2026-01-19,25258.6,25341.2,25108.4
NAS100_USD,2026-01-20,24999.8,25318.0,24976.2
NAS100_USD,2026-01-21,25439.2,25539.3,24910.6
NAS100_USD,2026-01-22,25505.4,25626.2,25370.0
NAS100_USD,2026-01-23,25567.4,25733.4,25428.4
NAS100_USD,2026-01-25,25448.5,25460.8,25315.7
NAS100_USD,2026-01-26,25786.6,25827.6,25433.8
NAS100_USD,2026-01-27,26036.0,26044.2,25771.9
NAS100_USD,2026-01-28,26068.0,26246.4,25896.4
NAS100_USD,2026-01-29,25873.3,26179.0,25435.0
NAS100_USD,2026-01-30,25549.8,25894.3,25470.4
NAS100_USD,2026-02-01,25436.7,25474.7,25277.8
NAS100_USD,2026-02-02,25858.8,25887.8,25084.4
NAS100_USD,2026-02-03,25344.2,25938.6,25130.3
NAS100_USD,2026-02-04,24986.4,25431.6,24700.8
NAS100_USD,2026-02-05,24259.4,25087.9,24218.7
NAS100_USD,2026-02-06,25028.4,25146.5,24165.2
NAS100_USD,2026-02-08,25199.2,25218.0,25100.9
NAS100_USD,2026-02-09,25274.9,25359.8,24879.4
NAS100_USD,2026-02-10,25204.6,25376.8,25130.0
NAS100_USD,2026-02-11,25168.8,25396.8,24990.0
NAS100_USD,2026-02-12,24757.0,25353.8,24658.4
NAS100_USD,2026-02-13,24720.0,24933.4,24513.2
NAS100_USD,2026-02-15,24774.5,24776.6,24692.9
NAS100_USD,2026-02-16,24757.8,24859.6,24609.4
NAS100_USD,2026-02-17,24658.1,24837.0,24389.4
NAS100_USD,2026-02-18,24909.2,25076.4,24656.0
NAS100_USD,2026-02-19,24824.8,24998.4,24696.8
NAS100_USD,2026-02-20,25028.0,25086.3,24626.0
NAS100_USD,2026-02-22,24921.6,25007.0,24885.8
NAS100_USD,2026-02-23,24745.5,24989.0,24617.5
NAS100_USD,2026-02-24,25004.4,25037.8,24651.5
NAS100_USD,2026-02-25,25277.4,25455.0,24953.8
NAS100_USD,2026-02-26,24957.6,25375.8,24823.0
NAS100_USD,2026-02-27,24925.8,25060.0,24744.0
NAS100_USD,2026-03-01,24702.9,24777.6,24654.3
NAS100_USD,2026-03-02,24934.2,25063.6,24441.1
NAS100_USD,2026-03-03,24675.0,24944.8,24314.6
NAS100_USD,2026-03-04,25144.2,25191.8,24472.4
NAS100_USD,2026-03-05,25030.8,25215.8,24747.6
NAS100_USD,2026-03-06,24645.0,25111.2,24578.0
NAS100_USD,2026-03-08,24187.1,24349.2,24141.1
NAS100_USD,2026-03-09,24860.9,25034.0,23972.7
NAS100_USD,2026-03-10,24996.6,25198.5,24812.2
NAS100_USD,2026-03-11,24770.8,25159.8,24716.4
NAS100_USD,2026-03-12,24511.2,24910.8,24502.6
NAS100_USD,2026-03-13,24328.2,24787.2,24324.0
NAS100_USD,2026-03-15,24423.8,24479.2,24280.5
NAS100_USD,2026-03-16,24688.4,24802.2,24421.2
NAS100_USD,2026-03-17,24814.2,24922.0,24536.4
NAS100_USD,2026-03-18,24429.2,25019.8,24375.2
NAS100_USD,2026-03-19,24435.8,24537.4,24139.2
NAS100_USD,2026-03-20,24024.2,24476.6,23791.8
NAS100_USD,2026-03-22,23824.3,23913.8,23738.8
NAS100_USD,2026-03-23,24279.8,24580.4,23591.7
NAS100_USD,2026-03-24,24241.2,24376.0,23958.2
NAS100_USD,2026-03-25,24150.9,24367.9,24112.2
NAS100_USD,2026-03-26,23711.2,24248.8,23598.5
NAS100_USD,2026-03-27,23104.2,23810.0,23075.2
NAS100_USD,2026-03-29,22970.0,23084.5,22951.2
NAS100_USD,2026-03-30,22896.2,23413.6,22872.8
NAS100_USD,2026-03-31,23885.0,23893.8,22813.0
NAS100_USD,2026-04-01,24027.4,24194.3,23804.6
NAS100_USD,2026-04-02,24060.6,24089.6,23511.0
NAS100_USD,2026-04-03,23976.6,24102.5,23954.1
NAS100_USD,2026-04-05,23939.4,23944.8,23829.0
NAS100_USD,2026-04-06,24166.4,24299.0,23935.4
NAS100_USD,2026-04-07,24911.4,24946.8,23808.2
NAS100_USD,2026-04-08,24882.0,25117.2,24789.0
NAS100_USD,2026-04-09,25082.4,25127.0,24809.0
NAS100_USD,2026-04-10,25184.2,25251.1,25061.4
NAS100_USD,2026-04-12,24841.6,24877.2,24781.4
NAS100_USD,2026-04-13,25451.4,25484.1,24807.8
NAS100_USD,2026-04-14,25883.4,25900.5,25425.6
NAS100_USD,2026-04-15,26272.4,26280.4,25799.8
NAS100_USD,2026-04-16,26346.7,26429.3,26141.8
NAS100_USD,2026-04-17,26708.2,26749.5,26310.4
NAS100_USD,2026-04-19,26526.2,26549.2,26404.0
NAS100_USD,2026-04-20,26671.9,26692.8,26436.7
NAS100_USD,2026-04-21,26652.0,26777.4,26430.7
NAS100_USD,2026-04-22,26975.4,27014.4,26646.2
NAS100_USD,2026-04-23,26960.2,27035.1,26561.2
NAS100_USD,2026-04-24,27323.4,27345.6,26896.8
NAS100_USD,2026-04-26,27267.4,27281.5,27226.8
NAS100_USD,2026-04-27,27380.4,27424.4,27181.8
NAS100_USD,2026-04-28,27141.4,27402.3,26902.8
NAS100_USD,2026-04-29,27447.6,27452.8,26992.1
NAS100_USD,2026-04-30,27491.3,27543.3,27059.9
NAS100_USD,2026-05-01,27685.4,27815.2,27433.9
NAS100_USD,2026-05-03,27723.0,27807.7,27713.8
NAS100_USD,2026-05-04,27650.6,27864.4,27522.2
NAS100_USD,2026-05-05,28276.2,28326.0,27645.0
NAS100_USD,2026-05-06,28578.1,28707.5,28154.8
NAS100_USD,2026-05-07,28586.4,28852.5,28463.8
NAS100_USD,2026-05-08,29241.0,29291.8,28586.8
NAS100_USD,2026-05-10,29211.0,29253.2,29133.3
NAS100_USD,2026-05-11,29343.0,29391.0,29154.8
NAS100_USD,2026-05-12,29000.8,29343.2,28661.6
NAS100_USD,2026-05-13,29551.8,29567.9,28974.8
NAS100_USD,2026-05-14,29605.0,29704.0,29368.3
NAS100_USD,2026-05-15,29117.0,29644.0,29006.8
NAS100_USD,2026-05-17,29038.9,29204.2,28933.0
NAS100_USD,2026-05-18,29059.0,29340.6,28736.4
NAS100_USD,2026-05-19,28885.1,29112.8,28587.8
NAS100_USD,2026-05-20,29124.6,29332.0,28731.0
NAS100_USD,2026-05-21,29486.0,29516.8,29059.4
NAS100_USD,2026-05-22,29466.0,29686.0,29373.8
NAS100_USD,2026-05-24,29781.6,29820.6,29682.5
NAS100_USD,2026-05-25,29817.1,29932.8,29765.4
NAS100_USD,2026-05-26,30048.4,30060.5,29682.8
NAS100_USD,2026-05-27,29931.1,30327.5,29826.8
NAS100_USD,2026-05-28,30254.2,30314.6,29715.8
NAS100_USD,2026-05-29,30344.4,30488.6,30169.4
NAS100_USD,2026-05-31,30432.8,30440.3,30317.0
NAS100_USD,2026-06-01,30433.0,30656.2,30247.0
NAS100_USD,2026-06-02,30673.6,30729.5,30281.6
NAS100_USD,2026-06-03,30357.2,30773.2,30334.4
NAS100_USD,2026-06-04,30226.7,30569.9,30115.8
NAS100_USD,2026-06-05,28798.1,30228.0,28747.6
NAS100_USD,2026-06-07,29051.4,29068.6,28788.4
NAS100_USD,2026-06-08,29399.3,29708.2,28938.4
NAS100_USD,2026-06-09,29041.8,29821.0,28202.2
NAS100_USD,2026-06-10,28343.9,29226.2,28246.8
NAS100_USD,2026-06-11,29560.2,29575.0,28315.8
NAS100_USD,2026-06-12,29669.0,29744.9,29216.7
NAS100_USD,2026-06-14,30039.1,30079.3,29952.5
NAS100_USD,2026-06-15,30529.3,30597.4,30028.8
NAS100_USD,2026-06-16,30064.4,30669.6,30009.8
NAS100_USD,2026-06-17,30058.2,30318.8,29668.1
NAS100_USD,2026-06-18,30447.5,30539.1,30029.1
NAS100_USD,2026-06-19,30411.8,30460.5,30145.6
NAS100_USD,2026-06-21,30108.2,30370.9,30092.1
NAS100_USD,2026-06-22,30339.9,30722.4,30102.4
NAS100_USD,2026-06-23,29522.6,30399.9,29352.4
NAS100_USD,2026-06-24,29873.3,29945.2,29042.6
NAS100_USD,2026-06-25,29489.4,30040.0,29074.6
NAS100_USD,2026-06-26,29082.8,29554.2,28945.2
NAS100_USD,2026-06-28,29406.8,29470.8,29111.0
NAS100_USD,2026-06-29,29832.2,29862.1,29062.0
NAS100_USD,2026-06-30,30321.4,30389.5,29727.9
NAS100_USD,2026-07-01,29838.4,30341.2,29803.0
NAS100_USD,2026-07-02,29401.0,30112.4,29129.2
NAS100_USD,2026-07-03,29706.8,29755.8,29323.7
NAS100_USD,2026-07-05,29783.2,29806.8,29660.0
NAS100_USD,2026-07-06,29660.4,29901.2,29481.6
NAS100_USD,2026-07-07,29112.8,29721.7,29018.0
NAS100_USD,2026-07-08,29310.4,29369.3,28722.0
NAS100_USD,2026-07-09,29751.4,29811.7,29215.2
NAS100_USD,2026-07-10,29885.7,29897.3,29496.1
NAS100_USD,2026-07-12,29713.8,29800.0,29665.6
NAS100_USD,2026-07-13,29249.3,29862.3,29156.3
NAS100_USD,2026-07-14,29722.0,29749.8,29132.3
NAS100_USD,2026-07-15,29529.6,29895.9,29235.6
NAS100_USD,2026-07-16,28938.9,29634.8,28903.2
NAS100_USD,2026-07-17,28614.8,28966.7,28250.8
NAS100_USD,2026-07-19,28711.6,28719.4,28552.9
NAS100_USD,2026-07-20,28621.4,29034.7,28544.0
NAS100_USD,2026-07-21,29139.8,29205.0,28549.2
NAS100_USD,2026-07-22,28999.4,29184.7,28803.4
NAS100_USD,2026-07-23,28544.6,29138.2,28289.2
NAS100_USD,2026-07-24,28170.0,28589.6,28078.1
NAS100_USD,2026-07-26,28593.6,28596.2,28444.6
NAS100_USD,2026-07-27,28039.2,28627.7,27804.2
NAS100_USD,2026-07-28,27983.6,28070.4,27479.8
NAS100_USD,2026-07-29,27407.6,28057.3,27093.2
NAS100_USD,2026-07-30,28310.1,28332.6,27223.9
NAS100_USD,2026-07-31,28191.8,28612.4,27966.8
NAS100_USD,2026-08-02,28501.2,28529.8,28433.9
NAS100_USD,2026-08-03,28866.6,28867.4,28202.4
NAS100_USD,2026-08-04,29730.1,29851.1,28727.3
NAS100_USD,2026-08-05,29478.6,29967.0,29426.8
NAS100_USD,2026-08-06,29495.2,29581.0,29136.2
NAS100_USD,2026-08-07,29730.6,29767.0,29355.7
NAS100_USD,2026-08-09,29727.6,29781.0,29703.8
NAS100_USD,2026-08-10,29608.6,29881.6,29583.0
NAS100_USD,2026-08-11,29575.0,29791.6,29446.6
NAS100_USD,2026-08-12,29719.8,29913.8,29538.8
NAS100_USD,2026-08-13,30118.6,30189.8,29711.5
NAS100_USD,2026-08-14,30066.2,30198.0,29947.9
NAS100_USD,2026-08-16,30133.6,30146.0,30088.5
NAS100_USD,2026-08-17,30021.2,30258.0,29982.1
NAS100_USD,2026-08-18,29459.6,30047.6,29440.8
NAS100_USD,2026-08-19,29560.4,29688.8,29307.6
NAS100_USD,2026-08-20,29224.1,29616.4,29136.8
NAS100_USD,2026-09-04,29544.150390625,29655.220703125,29440.150390625
XAUUSD,2025-12-30,4339.12,4404.375,4324.65
XAUUSD,2025-12-31,4322.61,4373.59,4274.025
XAUUSD,2026-01-01,4348.26,4351.665,4326.285
XAUUSD,2026-01-02,4332.065,4402.295,4309.915
XAUUSD,2026-01-04,4372.725,4375.995,4349.355
XAUUSD,2026-01-05,4440.675,4460.285,4370.425
XAUUSD,2026-01-06,4493.73,4500.56,4427.635
XAUUSD,2026-01-07,4463.52,4496.115,4423.385
XAUUSD,2026-01-08,4475.735,4479.735,4407.835
XAUUSD,2026-01-09,4509.66,4517.25,4452.92
XAUUSD,2026-01-11,4540.26,4544.96,4521.19
XAUUSD,2026-01-12,4599.565,4630.19,4536.53
XAUUSD,2026-01-13,4597.105,4634.89,4569.47
XAUUSD,2026-01-14,4615.325,4642.97,4597.005
XAUUSD,2026-01-15,4610.365,4625.015,4581.065
XAUUSD,2026-01-16,4596.32,4620.39,4536.49
XAUUSD,2026-01-18,4672.975,4690.94,4646.135
XAUUSD,2026-01-19,4665.36,4682.145,4653.225
XAUUSD,2026-01-20,4775.99,4781.285,4659.395
XAUUSD,2026-01-21,4778.265,4888.545,4755.075
XAUUSD,2026-01-22,4959.13,4960.67,4772.27
XAUUSD,2026-01-23,4987.545,4990.12,4899.795
XAUUSD,2026-01-25,5039.85,5040.55,5003.705
XAUUSD,2026-01-26,5043.56,5111.51,4990.215
XAUUSD,2026-01-27,5172.315,5190.51,5013.875
XAUUSD,2026-01-28,5513.285,5602.225,5157.21
XAUUSD,2026-01-29,5438.57,5595.77,5097.215
XAUUSD,2026-01-30,4895.44,5451.16,4679.51
XAUUSD,2026-02-01,4742.1,4834.255,4697.14
XAUUSD,2026-02-02,4774.58,4884.56,4402.38
XAUUSD,2026-02-03,4947.82,4993.835,4745.695
XAUUSD,2026-02-04,5012.535,5091.93,4848.405
XAUUSD,2026-02-05,4703.78,5020.555,4703.485
XAUUSD,2026-02-06,4964.62,4971.34,4655.23
XAUUSD,2026-02-08,5036.085,5047.915,4965.42
XAUUSD,2026-02-09,5031.995,5086.68,4968.885
XAUUSD,2026-02-10,5041.735,5078.745,4998.95
XAUUSD,2026-02-11,5061.55,5119.345,5019.715
XAUUSD,2026-02-12,4920.465,5083.855,4878.5
XAUUSD,2026-02-13,5042.74,5046.48,4913.86
XAUUSD,2026-02-15,5020.215,5032.565,5009.64
XAUUSD,2026-02-16,4989.925,5031.29,4964.865
XAUUSD,2026-02-17,4859.44,4991.515,4842.6
XAUUSD,2026-02-18,4976.15,5010.915,4858.37
XAUUSD,2026-02-19,4987.795,5022.385,4960.645
XAUUSD,2026-02-20,5107.535,5108.72,4981.67
XAUUSD,2026-02-22,5165.785,5172.315,5117.815
XAUUSD,2026-02-23,5235.81,5250.005,5122.22
XAUUSD,2026-02-24,5146.75,5238.18,5093.225
XAUUSD,2026-02-25,5163.27,5217.78,5136.85
XAUUSD,2026-02-26,5184.76,5205.64,5130.235
XAUUSD,2026-02-27,5278.51,5281.155,5166.995
XAUUSD,2026-03-01,5387.085,5394.005,5329.785
XAUUSD,2026-03-02,5345.89,5419.66,5260.285
XAUUSD,2026-03-03,5125.44,5379.975,4996.275
XAUUSD,2026-03-04,5165.365,5206.265,5105.72
XAUUSD,2026-03-05,5086.155,5195.22,5050.905
XAUUSD,2026-03-06,5171.5,5176.63,5063.215
XAUUSD,2026-03-08,5076.01,5171.95,5044.14
XAUUSD,2026-03-09,5139.805,5156.21,5015.045
XAUUSD,2026-03-10,5197.375,5238.775,5124.835
XAUUSD,2026-03-11,5134.6,5223.385,5129.83
XAUUSD,2026-03-12,5098.13,5191.79,5055.125
XAUUSD,2026-03-13,5020.6,5128.475,5009.745
XAUUSD,2026-03-15,4997.655,5031.005,4967.775
XAUUSD,2026-03-16,5012.93,5038.145,4970.23
XAUUSD,2026-03-17,5002.9,5044.9,4973.72
XAUUSD,2026-03-18,4836.84,5016.53,4804.225
XAUUSD,2026-03-19,4643.815,4867.225,4502.365
XAUUSD,2026-03-20,4497.48,4736.175,4477.54
XAUUSD,2026-03-22,4464.8,4536.415,4452.08
XAUUSD,2026-03-23,4441.245,4513.165,4099.125
XAUUSD,2026-03-24,4547.015,4551.66,4305.88
XAUUSD,2026-03-25,4498.115,4602.645,4486.59
XAUUSD,2026-03-26,4405.11,4544.815,4351.355
XAUUSD,2026-03-27,4493.685,4555.63,4375.525
XAUUSD,2026-03-29,4449.015,4513.55,4443.945
XAUUSD,2026-03-30,4514.07,4580.73,4417.43
XAUUSD,2026-03-31,4696.44,4699.975,4482.66
XAUUSD,2026-04-01,4784.19,4800.8,4667.195
XAUUSD,2026-04-02,4676.745,4798.935,4553.85
XAUUSD,2026-04-05,4610.87,4654.59,4604.97
XAUUSD,2026-04-06,4659.21,4706.875,4600.85
XAUUSD,2026-04-07,4833.66,4836.505,4607.63
XAUUSD,2026-04-08,4715.84,4858.215,4699.305
XAUUSD,2026-04-09,4763.87,4801.39,4698.725
XAUUSD,2026-04-10,4749.685,4794.98,4730.74
XAUUSD,2026-04-12,4671.49,4685.41,4644.465
XAUUSD,2026-04-13,4757.9,4765.805,4664.625
XAUUSD,2026-04-14,4837.285,4850.88,4751.22
XAUUSD,2026-04-15,4823.455,4871.38,4786.08
XAUUSD,2026-04-16,4791.77,4838.56,4772.575
XAUUSD,2026-04-17,4831.61,4891.54,4767.845
XAUUSD,2026-04-19,4755.305,4794.97,4736.83
XAUUSD,2026-04-20,4822.02,4833.405,4744.515
XAUUSD,2026-04-21,4738.14,4830.895,4668.62
XAUUSD,2026-04-22,4727.88,4772.385,4723.645
XAUUSD,2026-04-23,4695.445,4754.2,4664.38
XAUUSD,2026-04-24,4709.75,4740.57,4658.03
XAUUSD,2026-04-26,4680.235,4697.365,4675.21
XAUUSD,2026-04-27,4692.06,4729.965,4667.335
XAUUSD,2026-04-28,4595.75,4701.64,4555.135
XAUUSD,2026-04-29,4561.685,4610.535,4510.095
XAUUSD,2026-04-30,4626.685,4647.045,4540.925
XAUUSD,2026-05-01,4613.87,4660.585,4560.32
XAUUSD,2026-05-03,4613.965,4629.465,4611.405
XAUUSD,2026-05-04,4519.155,4618.825,4501.035
XAUUSD,2026-05-05,4593.87,4596.0,4513.655
XAUUSD,2026-05-06,4699.055,4723.14,4588.33
XAUUSD,2026-05-07,4704.405,4764.905,4682.045
XAUUSD,2026-05-08,4715.71,4749.58,4694.125
XAUUSD,2026-05-10,4691.89,4698.65,4680.075
XAUUSD,2026-05-11,4767.67,4769.795,4648.09
XAUUSD,2026-05-12,4717.145,4773.575,4638.365
XAUUSD,2026-05-13,4696.62,4727.03,4669.525
XAUUSD,2026-05-14,4652.15,4718.88,4644.31
XAUUSD,2026-05-15,4540.645,4658.225,4510.985
XAUUSD,2026-05-17,4537.21,4554.915,4532.25
XAUUSD,2026-05-18,4581.995,4589.09,4480.41
XAUUSD,2026-05-19,4489.485,4589.58,4464.78
XAUUSD,2026-05-20,4546.74,4553.045,4453.39
XAUUSD,2026-05-21,4535.425,4570.895,4488.63
XAUUSD,2026-05-22,4509.69,4541.24,4491.93
XAUUSD,2026-05-24,4567.08,4580.21,4548.91
XAUUSD,2026-05-25,4559.77,4580.245,4550.55
XAUUSD,2026-05-26,4519.68,4560.36,4482.62
XAUUSD,2026-05-27,4447.11,4526.035,4401.63
XAUUSD,2026-05-28,4495.08,4516.63,4366.23
XAUUSD,2026-05-29,4540.53,4595.33,4492.085
XAUUSD,2026-05-31,4539.665,4545.845,4520.025
XAUUSD,2026-06-01,4484.475,4546.27,4447.86
XAUUSD,2026-06-02,4474.465,4541.63,4462.29
XAUUSD,2026-06-03,4457.54,4496.885,4423.965
XAUUSD,2026-06-04,4461.915,4515.515,4443.18
XAUUSD,2026-06-05,4327.885,4475.885,4311.93
XAUUSD,2026-06-07,4344.16,4347.095,4310.115
XAUUSD,2026-06-08,4317.88,4353.45,4268.48
XAUUSD,2026-06-09,4222.135,4363.72,4210.505
XAUUSD,2026-06-10,4047.445,4228.5,4023.87
XAUUSD,2026-06-11,4219.915,4246.715,4036.03
XAUUSD,2026-06-12,4218.56,4235.69,4170.29
XAUUSD,2026-06-14,4294.04,4309.19,4280.395
XAUUSD,2026-06-15,4315.705,4369.665,4285.32
XAUUSD,2026-06-16,4331.025,4354.95,4306.985
XAUUSD,2026-06-17,4278.08,4382.615,4219.165
XAUUSD,2026-06-18,4188.445,4329.865,4186.94
XAUUSD,2026-06-19,4155.37,4198.245,4121.955
XAUUSD,2026-06-21,4140.385,4164.945,4136.695
XAUUSD,2026-06-22,4187.615,4221.37,4140.095
XAUUSD,2026-06-23,4099.25,4198.605,4080.895
XAUUSD,2026-06-24,4012.5,4112.135,3959.08
XAUUSD,2026-06-25,4014.555,4044.14,3962.475
XAUUSD,2026-06-26,4088.385,4095.985,3982.95
XAUUSD,2026-06-28,4063.115,4083.82,4052.145
XAUUSD,2026-06-29,4015.1,4076.015,4000.325
XAUUSD,2026-06-30,4005.835,4063.48,3942.1
XAUUSD,2026-07-01,4035.325,4115.81,3960.275
XAUUSD,2026-07-02,4126.105,4144.08,4030.895
XAUUSD,2026-07-03,4175.695,4195.51,4122.775
XAUUSD,2026-07-05,4183.285,4202.225,4177.22
XAUUSD,2026-07-06,4157.425,4202.705,4128.51
XAUUSD,2026-07-07,4098.775,4180.52,4092.295
XAUUSD,2026-07-08,4076.285,4133.99,4021.815
XAUUSD,2026-07-09,4123.535,4138.06,4054.4
XAUUSD,2026-07-10,4120.67,4134.92,4072.8
XAUUSD,2026-07-12,4084.7,4094.82,4068.61
XAUUSD,2026-07-13,4001.26,4091.295,3986.58
XAUUSD,2026-07-14,4053.035,4104.05,3983.545
XAUUSD,2026-07-15,4058.02,4081.52,4017.475
XAUUSD,2026-07-16,3986.105,4061.21,3969.345
XAUUSD,2026-07-17,4017.315,4023.835,3959.8
XAUUSD,2026-07-19,3995.515,4002.31,3989.5
XAUUSD,2026-07-20,4010.055,4040.815,3982.63
XAUUSD,2026-07-21,4080.71,4087.135,4003.565
XAUUSD,2026-07-22,4133.495,4166.13,4076.755
XAUUSD,2026-07-23,4047.29,4141.275,4040.185
XAUUSD,2026-07-24,4052.81,4082.16,4022.06
XAUUSD,2026-07-26,4094.11,4096.515,4083.8
XAUUSD,2026-07-27,4073.385,4116.185,4065.415
XAUUSD,2026-07-28,4024.945,4074.26,4011.765
XAUUSD,2026-07-29,4084.585,4116.415,3996.055
XAUUSD,2026-07-30,4105.985,4120.495,4028.69
XAUUSD,2026-07-31,4045.165,4107.225,4020.975
XAUUSD,2026-08-02,4075.065,4078.785,4063.3
XAUUSD,2026-08-03,4053.96,4079.185,4019.24
XAUUSD,2026-08-04,4072.605,4106.475,4042.72
XAUUSD,2026-08-05,4278.305,4282.05,4070.505
XAUUSD,2026-08-06,4252.425,4304.285,4223.505
XAUUSD,2026-08-07,4341.935,4371.84,4229.875
XAUUSD,2026-08-09,4333.115,4349.11,4332.32
XAUUSD,2026-08-10,4402.355,4402.715,4313.43
XAUUSD,2026-08-11,4371.645,4435.245,4356.7
XAUUSD,2026-08-12,4414.515,4441.315,4366.54
XAUUSD,2026-08-13,4356.475,4449.83,4343.65
XAUUSD,2026-08-14,4376.82,4397.06,4311.04
XAUUSD,2026-08-16,4370.235,4386.86,4367.29
XAUUSD,2026-08-17,4426.12,4428.89,4368.1
XAUUSD,2026-08-18,4333.105,4436.23,4327.27
XAUUSD,2026-08-19,4511.74,4524.34,4324.68
XAUUSD,2026-08-20,4526.405,4541.045,4450.745
XAUUSD,2026-09-07,4476.60009765625,4481.2998046875,4426.2001953125
DE30,2025-11-04,23907.0,24100.6,23681.0
DE30,2025-11-05,24102.6,24137.6,23595.0
DE30,2025-11-06,23755.8,24116.6,23697.2
DE30,2025-11-07,23774.6,23848.2,23459.7
DE30,2025-11-10,24086.4,24099.0,23823.0
DE30,2025-11-11,24191.0,24211.0,23963.4
DE30,2025-11-12,24427.6,24464.0,24206.0
DE30,2025-11-13,24081.0,24521.0,23952.0
DE30,2025-11-14,23850.0,24138.6,23619.0
DE30,2025-11-17,23469.6,23942.0,23367.0
DE30,2025-11-18,23203.6,23470.6,23090.0
DE30,2025-11-19,23255.0,23382.0,23079.0
DE30,2025-11-20,22935.6,23514.0,22918.6
DE30,2025-11-21,23219.0,23302.6,22929.0
DE30,2025-11-24,23232.6,23395.0,23146.0
DE30,2025-11-25,23568.6,23588.0,23132.0
DE30,2025-11-26,23746.0,23772.6,23448.0
DE30,2025-11-27,23780.0,23840.0,23697.0
DE30,2025-11-28,23837.6,23886.0,23713.5
DE30,2025-12-01,23562.6,23827.6,23425.0
DE30,2025-12-02,23732.0,23795.5,23554.6
DE30,2025-12-03,23782.0,23840.0,23642.5
DE30,2025-12-04,23888.8,23936.3,23765.0
DE30,2025-12-05,24025.6,24136.5,23879.8
DE30,2025-12-08,24023.6,24124.5,23991.0
DE30,2025-12-09,24127.6,24192.5,24037.0
DE30,2025-12-10,24198.0,24234.4,24001.5
DE30,2025-12-11,24367.2,24388.6,23975.0
DE30,2025-12-12,24229.0,24479.1,24161.4
DE30,2025-12-15,24195.6,24335.9,24158.6
DE30,2025-12-16,24132.6,24204.0,24005.6
DE30,2025-12-17,23906.0,24193.1,23899.0
DE30,2025-12-18,24176.0,24266.6,23872.5
DE30,2025-12-19,24323.2,24390.2,24136.6
DE30,2025-12-22,24342.6,24405.6,24248.1
DE30,2025-12-23,24372.6,24408.6,24297.6
DE30,2025-12-29,24407.2,24471.6,24290.1
DE30,2025-12-30,24615.2,24687.1,24363.6
DE30,2026-01-02,24587.6,24715.1,24483.6
DE30,2026-01-05,24897.0,24923.0,24640.2
DE30,2026-01-06,25002.0,25022.6,24873.0
DE30,2026-01-07,25148.0,25191.0,24976.6
DE30,2026-01-08,25217.2,25256.5,25041.6
DE30,2026-01-09,25316.2,25317.2,25142.7
DE30,2026-01-12,25479.8,25481.2,25236.2
DE30,2026-01-13,25430.8,25547.2,25373.2
DE30,2026-01-14,25351.2,25497.7,25257.2
DE30,2026-01-15,25295.0,25425.2,25267.7
DE30,2026-01-16,25353.6,25387.0,25236.5
DE30,2026-01-19,24989.6,25102.0,24943.0
DE30,2026-01-20,24612.0,24967.0,24541.0
DE30,2026-01-21,24866.6,24930.0,24375.5
DE30,2026-01-22,24865.0,24971.5,24797.0
DE30,2026-01-23,24919.0,24959.0,24817.0
DE30,2026-01-26,24965.0,25014.5,24760.0
DE30,2026-01-27,24892.0,25047.0,24875.0
DE30,2026-01-28,24888.8,24975.0,24731.5
DE30,2026-01-29,24505.2,24947.2,24290.6
DE30,2026-01-30,24533.2,24611.6,24333.6
DE30,2026-02-02,24880.6,24882.6,24230.2
DE30,2026-02-03,24774.6,25128.1,24646.6
DE30,2026-02-04,24638.6,24904.1,24548.0
DE30,2026-02-05,24483.8,24746.5,24301.3
DE30,2026-02-06,24803.0,24806.0,24224.8
DE30,2026-02-09,25054.6,25061.6,24731.5
DE30,2026-02-10,25007.0,25102.5,24955.0
DE30,2026-02-11,24938.6,25070.6,24851.0
DE30,2026-02-12,24920.0,25257.0,24829.0
DE30,2026-02-13,24910.0,24988.6,24754.0
DE30,2026-02-16,24833.6,25021.5,24799.0
DE30,2026-02-17,25041.2,25063.2,24689.0
DE30,2026-02-18,25251.4,25329.8,25011.2
DE30,2026-02-19,25025.6,25278.4,24977.6
DE30,2026-02-20,25247.6,25343.0,25004.5
DE30,2026-02-23,24983.4,25199.0,24942.4
DE30,2026-02-24,25061.4,25101.9,24886.3
DE30,2026-02-25,25219.6,25226.6,24997.9
DE30,2026-02-26,25346.0,25358.6,25093.0
DE30,2026-02-27,25171.6,25410.5,25157.0
DE30,2026-03-02,24654.0,25017.5,24578.0
DE30,2026-03-03,24026.8,24662.5,23592.0
DE30,2026-03-04,24261.8,24296.2,23709.7
DE30,2026-03-05,23844.6,24366.2,23672.2
DE30,2026-03-06,23628.2,24026.1,23332.6
DE30,2026-03-09,23804.8,23948.2,22700.1
DE30,2026-03-10,23806.8,24109.2,23516.2
DE30,2026-03-11,23636.8,23995.8,23528.2
DE30,2026-03-12,23518.8,23698.7,23247.2
DE30,2026-03-13,23337.2,23759.7,23278.2
DE30,2026-03-16,23624.0,23699.2,23323.7
DE30,2026-03-17,23699.2,23823.7,23409.0
DE30,2026-03-18,23144.8,23957.7,23116.8
DE30,2026-03-19,23027.6,23271.7,22753.6
DE30,2026-03-20,22239.6,23201.0,22128.0
DE30,2026-03-23,22846.0,23149.5,21895.0
DE30,2026-03-24,22935.0,23024.0,22422.0
DE30,2026-03-25,23002.0,23169.9,22892.0
DE30,2026-03-26,22701.6,23005.0,22588.0
DE30,2026-03-27,22191.6,22860.5,22188.6
DE30,2026-03-30,22523.0,22713.0,22016.0
DE30,2026-03-31,23102.6,23150.5,22377.5
DE30,2026-04-01,23398.4,23491.3,23093.0
DE30,2026-04-02,23280.4,23431.8,22747.3
DE30,2026-04-07,23271.2,23491.0,22920.2
DE30,2026-04-08,24128.2,24329.8,23917.8
DE30,2026-04-09,23980.0,24093.7,23758.4
DE30,2026-04-10,23877.0,24139.6,23798.4
DE30,2026-04-13,24016.0,24021.0,23505.9
DE30,2026-04-14,24140.0,24178.4,23947.4
DE30,2026-04-15,24159.6,24232.9,24064.0
DE30,2026-04-16,24189.0,24340.0,24131.6
DE30,2026-04-17,24729.6,24880.0,24181.0
DE30,2026-04-20,24536.6,24579.1,24359.5
DE30,2026-04-21,24149.0,24685.1,24097.4
DE30,2026-04-22,24295.0,24465.4,24203.4
DE30,2026-04-23,24153.8,24325.4,23904.8
DE30,2026-04-24,24314.8,24391.8,24048.8
DE30,2026-04-27,24162.8,24437.8,24105.8
DE30,2026-04-28,24057.4,24226.8,23951.3
DE30,2026-04-29,23879.4,24177.0,23835.0
DE30,2026-04-30,24345.6,24384.0,23658.4
DE30,2026-05-04,23948.2,24443.0,23874.8
DE30,2026-05-05,24445.8,24468.8,23908.2
DE30,2026-05-06,25008.0,25183.7,24521.8
DE30,2026-05-07,24449.6,25046.0,24436.0
DE30,2026-05-08,24408.6,24526.0,24277.6
DE30,2026-05-11,24295.6,24372.5,24206.5
DE30,2026-05-12,24058.6,24277.6,23932.0
DE30,2026-05-13,24234.0,24237.0,24007.0
DE30,2026-05-14,24330.0,24491.5,24188.0
DE30,2026-05-15,23897.6,24343.0,23856.6
DE30,2026-05-18,24395.8,24436.3,23625.6
DE30,2026-05-19,24322.6,24698.8,24200.8
DE30,2026-05-20,24787.0,24902.9,24162.2
DE30,2026-05-21,24841.8,24926.8,24529.4
DE30,2026-05-22,24817.4,24957.8,24668.3
DE30,2026-05-25,25399.2,25456.7,25032.8
DE30,2026-05-26,25246.6,25387.2,25174.2
DE30,2026-05-27,25215.6,25407.6,25115.1
DE30,2026-05-28,25109.2,25262.6,24918.6
DE30,2026-05-29,25058.2,25214.2,25033.2
DE30,2026-06-01,25092.8,25310.2,24902.2
DE30,2026-06-02,25111.8,25369.7,24983.2
DE30,2026-06-03,24743.8,25129.8,24740.4
DE30,2026-06-04,24953.4,25013.3,24672.8
DE30,2026-06-05,24591.8,25037.3,24510.4
DE30,2026-06-08,24605.6,24746.8,24335.8
DE30,2026-06-09,24541.6,24829.1,24238.2
DE30,2026-06-10,24088.6,24547.6,24038.1
DE30,2026-06-11,24618.6,24651.2,23967.1
DE30,2026-06-12,24656.6,24760.1,24412.6
DE30,2026-06-15,24850.6,25089.6,24833.2
DE30,2026-06-16,24774.0,25108.6,24761.0
DE30,2026-06-17,24812.4,24975.0,24757.4
DE30,2026-06-18,25061.6,25088.6,24824.4
DE30,2026-06-19,25032.8,25180.0,24892.6
DE30,2026-06-22,25137.6,25217.5,24933.0
DE30,2026-06-23,24939.4,25138.0,24759.5
DE30,2026-06-24,24723.4,24989.8,24625.4
DE30,2026-06-25,25000.0,25126.9,24717.4
DE30,2026-06-26,24679.6,25022.9,24586.0
DE30,2026-06-29,24772.6,24838.6,24592.5
DE30,2026-06-30,25047.0,25071.6,24709.0
DE30,2026-07-01,25071.2,25118.5,24906.2
DE30,2026-07-02,25649.2,25685.7,24977.2
DE30,2026-07-03,25834.6,25856.5,25629.8
DE30,2026-07-06,25831.6,25928.0,25712.5
DE30,2026-07-07,25476.6,25839.0,25434.6
DE30,2026-07-08,25032.0,25554.5,24842.5
DE30,2026-07-09,25130.0,25148.0,24871.5
DE30,2026-07-10,25111.0,25207.5,24932.0
DE30,2026-07-13,25010.8,25159.5,24775.5
DE30,2026-07-14,25046.2,25226.7,24789.2
DE30,2026-07-15,24988.8,25142.8,24833.2
DE30,2026-07-16,24874.8,25063.2,24682.7
DE30,2026-07-17,24834.8,24879.8,24607.2
DE30,2026-07-20,24710.2,24971.7,24687.2
DE30,2026-07-21,25064.8,25065.8,24661.8
DE30,2026-07-22,25147.8,25263.7,24941.8
DE30,2026-07-23,24735.2,25219.7,24687.8
DE30,2026-07-24,25061.2,25132.2,24690.8
DE30,2026-07-27,25469.8,25561.7,25173.2
DE30,2026-07-28,25519.0,25558.6,25314.0
DE30,2026-07-29,25374.0,25597.6,25281.6
DE30,2026-07-30,25714.4,25716.4,25298.5
DE30,2026-07-31,25703.8,25894.9,25550.7
DE30,2026-08-03,26087.6,26109.1,25817.2
DE30,2026-08-04,26359.4,26362.4,26076.6
DE30,2026-08-05,26201.2,26450.8,26136.8
DE30,2026-08-06,26176.2,26259.2,26095.2
DE30,2026-08-07,26370.2,26455.7,26135.2
DE30,2026-08-10,26339.8,26446.7,26292.7
DE30,2026-08-11,26398.4,26519.3,26254.2
DE30,2026-08-12,26384.2,26596.2,26328.2
DE30,2026-08-13,26414.8,26510.2,26293.7
DE30,2026-08-14,26463.8,26552.7,26398.2
DE30,2026-08-17,26329.6,26526.2,26300.6
DE30,2026-08-18,26174.6,26334.6,26133.0
DE30,2026-08-19,26095.2,26214.0,26069.6
DE30,2026-08-20,25981.8,26146.6,25920.2
DE30,2026-09-07,25953.9296875,26069.990234375,25929.970703125
USDJPY,2025-12-31,156.684,156.996,156.332
USDJPY,2026-01-01,156.723,156.887,156.705
USDJPY,2026-01-02,156.837,157.004,156.522
USDJPY,2026-01-04,157.002,157.028,156.711
USDJPY,2026-01-05,156.617,157.3,156.116
USDJPY,2026-01-06,156.664,156.798,156.164
USDJPY,2026-01-07,156.7,156.81,156.294
USDJPY,2026-01-08,156.87,157.072,156.46
USDJPY,2026-01-09,157.933,158.188,156.868
USDJPY,2026-01-11,158.139,158.184,157.982
USDJPY,2026-01-12,157.978,158.21,157.517
USDJPY,2026-01-13,159.2,159.206,157.962
USDJPY,2026-01-14,158.422,159.453,158.094
USDJPY,2026-01-15,158.594,158.881,158.226
USDJPY,2026-01-16,158.103,158.706,157.823
USDJPY,2026-01-18,157.554,157.969,157.501
USDJPY,2026-01-19,158.166,158.228,157.425
USDJPY,2026-01-20,158.154,158.605,157.471
USDJPY,2026-01-21,158.462,158.534,157.748
USDJPY,2026-01-22,158.487,158.894,158.18
USDJPY,2026-01-23,155.736,159.228,155.606
USDJPY,2026-01-25,155.152,155.28,154.208
USDJPY,2026-01-26,154.391,155.348,153.304
USDJPY,2026-01-27,152.5,154.88,152.09
USDJPY,2026-01-28,153.084,154.051,152.28
USDJPY,2026-01-29,153.14,153.538,152.682
USDJPY,2026-01-30,154.782,154.798,153.083
USDJPY,2026-02-01,155.225,155.512,154.899
USDJPY,2026-02-02,155.472,155.79,154.552
USDJPY,2026-02-03,155.804,156.086,155.295
USDJPY,2026-02-04,156.908,156.948,155.806
USDJPY,2026-02-05,156.804,157.339,156.526
USDJPY,2026-02-06,157.24,157.274,156.512
USDJPY,2026-02-08,157.254,157.662,156.822
USDJPY,2026-02-09,156.127,157.296,155.524
USDJPY,2026-02-10,154.504,156.294,154.055
USDJPY,2026-02-11,153.267,154.654,152.55
USDJPY,2026-02-12,152.792,153.762,152.27
USDJPY,2026-02-13,152.711,153.668,152.596
USDJPY,2026-02-15,152.798,152.866,152.632
USDJPY,2026-02-16,153.56,153.761,152.766
USDJPY,2026-02-17,153.134,153.927,152.7
USDJPY,2026-02-18,154.686,154.874,153.071
USDJPY,2026-02-19,155.199,155.344,154.544
USDJPY,2026-02-20,155.076,155.644,154.716
USDJPY,2026-02-22,154.344,154.972,154.317
USDJPY,2026-02-23,154.664,155.046,153.996
USDJPY,2026-02-24,155.91,156.282,154.625
USDJPY,2026-02-25,156.171,156.826,155.348
USDJPY,2026-02-26,155.86,156.433,155.699
USDJPY,2026-02-27,156.062,156.233,155.54
USDJPY,2026-03-01,156.634,156.663,156.128
USDJPY,2026-03-02,157.27,157.753,156.16
USDJPY,2026-03-03,157.767,157.972,157.151
USDJPY,2026-03-04,156.98,157.865,156.856
USDJPY,2026-03-05,157.568,157.851,156.454
USDJPY,2026-03-06,157.822,158.096,157.382
USDJPY,2026-03-08,158.404,158.482,158.071
USDJPY,2026-03-09,157.875,158.9,157.633
USDJPY,2026-03-10,158.107,158.188,157.276
USDJPY,2026-03-11,159.086,159.132,157.864
USDJPY,2026-03-12,159.243,159.432,158.57
USDJPY,2026-03-13,159.733,159.758,159.008
USDJPY,2026-03-15,159.562,159.748,159.505
USDJPY,2026-03-16,159.136,159.644,158.851
USDJPY,2026-03-17,158.916,159.499,158.724
USDJPY,2026-03-18,159.816,159.904,158.57
USDJPY,2026-03-19,157.934,159.85,157.51
USDJPY,2026-03-20,159.228,159.391,157.75
USDJPY,2026-03-22,159.148,159.474,159.109
USDJPY,2026-03-23,158.481,159.658,158.02
USDJPY,2026-03-24,158.706,159.192,158.371
USDJPY,2026-03-25,159.391,159.503,158.574
USDJPY,2026-03-26,159.726,159.853,159.286
USDJPY,2026-03-27,160.315,160.414,159.458
USDJPY,2026-03-29,160.237,160.464,160.113
USDJPY,2026-03-30,159.846,160.254,159.328
USDJPY,2026-03-31,158.588,159.975,158.563
USDJPY,2026-04-01,158.716,159.014,158.274
USDJPY,2026-04-02,159.496,159.747,158.582
USDJPY,2026-04-03,159.632,159.824,159.431
USDJPY,2026-04-05,159.78,159.834,159.472
USDJPY,2026-04-06,159.696,159.805,159.304
USDJPY,2026-04-07,158.72,160.032,158.601
USDJPY,2026-04-08,158.654,158.798,157.888
USDJPY,2026-04-09,159.094,159.299,158.621
USDJPY,2026-04-10,159.275,159.383,158.894
USDJPY,2026-04-12,159.68,159.858,159.544
USDJPY,2026-04-13,159.225,159.862,159.208
USDJPY,2026-04-14,158.803,159.34,158.602
USDJPY,2026-04-15,158.818,159.153,158.644
USDJPY,2026-04-16,159.206,159.308,158.266
USDJPY,2026-04-17,158.616,159.532,157.59
USDJPY,2026-04-19,159.158,159.201,158.789
USDJPY,2026-04-20,158.852,159.204,158.552
USDJPY,2026-04-21,159.384,159.642,158.796
USDJPY,2026-04-22,159.49,159.576,159.104
USDJPY,2026-04-23,159.756,159.847,159.295
USDJPY,2026-04-24,159.348,159.842,159.308
USDJPY,2026-04-26,159.584,159.601,159.508
USDJPY,2026-04-27,159.368,159.584,159.096
USDJPY,2026-04-28,159.56,159.788,158.96
USDJPY,2026-04-29,160.201,160.478,159.52
USDJPY,2026-04-30,156.991,160.726,155.556
USDJPY,2026-05-01,157.088,157.33,155.488
USDJPY,2026-05-03,156.904,156.932,156.685
USDJPY,2026-05-04,157.218,157.305,155.702
USDJPY,2026-05-05,157.677,157.94,157.076
USDJPY,2026-05-06,156.522,157.894,155.032
USDJPY,2026-05-07,156.852,156.958,156.022
USDJPY,2026-05-08,156.686,156.992,156.434
USDJPY,2026-05-10,156.868,156.962,156.557
USDJPY,2026-05-11,157.242,157.273,156.835
USDJPY,2026-05-12,157.672,157.766,156.726
USDJPY,2026-05-13,157.86,157.926,157.566
USDJPY,2026-05-14,158.386,158.441,157.313
USDJPY,2026-05-15,158.776,158.847,158.294
USDJPY,2026-05-17,158.854,158.885,158.611
USDJPY,2026-05-18,158.872,159.082,158.612
USDJPY,2026-05-19,159.047,159.252,158.649
USDJPY,2026-05-20,158.89,159.168,158.588
USDJPY,2026-05-21,159.028,159.347,158.808
USDJPY,2026-05-22,159.206,159.234,158.992
USDJPY,2026-05-24,158.958,159.01,158.816
USDJPY,2026-05-25,158.958,159.042,158.759
USDJPY,2026-05-26,159.255,159.383,158.912
USDJPY,2026-05-27,159.572,159.581,159.179
USDJPY,2026-05-28,159.273,159.654,159.112
USDJPY,2026-05-29,159.271,159.38,159.099
USDJPY,2026-05-31,159.365,159.432,159.298
USDJPY,2026-06-01,159.649,159.766,159.364
USDJPY,2026-06-02,159.984,159.998,159.639
USDJPY,2026-06-03,159.948,160.098,159.368
USDJPY,2026-06-04,159.998,160.046,159.59
USDJPY,2026-06-05,160.318,160.342,159.724
USDJPY,2026-06-07,160.337,160.359,160.209
USDJPY,2026-06-08,160.182,160.394,159.84
USDJPY,2026-06-09,160.39,160.448,160.053
USDJPY,2026-06-10,160.536,160.578,160.238
USDJPY,2026-06-11,160.139,160.596,159.536
USDJPY,2026-06-12,160.228,160.376,159.952
USDJPY,2026-06-14,159.963,160.158,159.738
USDJPY,2026-06-15,160.248,160.396,159.884
USDJPY,2026-06-16,160.426,160.483,160.051
USDJPY,2026-06-17,160.606,160.798,160.115
USDJPY,2026-06-18,161.297,161.81,160.476
USDJPY,2026-06-19,161.31,161.459,160.986
USDJPY,2026-06-21,161.439,161.518,161.249
USDJPY,2026-06-22,161.578,161.928,161.072
USDJPY,2026-06-23,161.6,161.742,161.264
USDJPY,2026-06-24,161.772,161.84,161.532
USDJPY,2026-06-25,161.806,161.95,161.557
USDJPY,2026-06-26,161.75,161.848,161.532
USDJPY,2026-06-28,161.792,161.882,161.733
USDJPY,2026-06-29,161.925,161.983,161.72
USDJPY,2026-06-30,162.634,162.672,161.925
USDJPY,2026-07-01,162.55,162.84,162.294
USDJPY,2026-07-02,161.458,162.598,160.624
USDJPY,2026-07-03,161.383,161.524,160.48
USDJPY,2026-07-05,161.46,161.508,161.294
USDJPY,2026-07-06,162.096,162.427,161.457
USDJPY,2026-07-07,162.365,162.368,161.654
USDJPY,2026-07-08,162.541,162.711,162.078
USDJPY,2026-07-09,162.366,162.572,162.247
USDJPY,2026-07-10,161.705,162.424,161.282
USDJPY,2026-07-12,161.888,162.068,161.68
USDJPY,2026-07-13,162.423,162.488,161.831
USDJPY,2026-07-14,162.196,162.47,161.606
USDJPY,2026-07-15,162.076,162.424,161.895
USDJPY,2026-07-16,162.384,162.549,161.982
USDJPY,2026-07-17,162.414,162.522,162.127
USDJPY,2026-07-19,162.521,162.594,162.364
USDJPY,2026-07-20,162.489,162.602,162.2
USDJPY,2026-07-21,163.19,163.241,162.432
USDJPY,2026-07-22,163.09,163.208,162.666
USDJPY,2026-07-23,163.84,163.988,162.996
USDJPY,2026-07-24,163.85,163.938,163.644
USDJPY,2026-07-26,163.622,163.712,163.554
USDJPY,2026-07-27,163.779,163.799,163.33
USDJPY,2026-07-28,163.87,163.951,163.645
USDJPY,2026-07-29,163.31,163.908,163.23
USDJPY,2026-07-30,160.189,163.74,157.953
USDJPY,2026-07-31,157.434,160.884,157.275
USDJPY,2026-08-02,157.59,157.875,156.994
USDJPY,2026-08-03,157.54,157.888,155.226
USDJPY,2026-08-04,157.71,157.96,157.214
USDJPY,2026-08-05,157.613,157.876,157.306
USDJPY,2026-08-06,158.426,158.556,157.592
USDJPY,2026-08-07,157.804,158.575,156.666
USDJPY,2026-08-09,157.91,157.949,157.629
USDJPY,2026-08-10,159.16,159.368,157.84
USDJPY,2026-08-11,159.274,159.389,158.921
USDJPY,2026-08-12,159.337,159.547,158.576
USDJPY,2026-08-13,159.432,159.567,159.024
USDJPY,2026-08-14,159.321,159.506,158.603
USDJPY,2026-08-16,159.228,159.396,159.14
USDJPY,2026-08-17,159.334,159.598,158.846
USDJPY,2026-08-18,159.556,159.78,159.312
USDJPY,2026-08-19,158.262,159.556,158.029
USDJPY,2026-08-20,158.896,159.184,158.164
USDJPY,2026-09-07,154.72000122070312,156.28199768066406,154.04800415039062
EURJPY,2025-12-31,184.048,184.248,183.541
EURJPY,2026-01-01,184.162,184.286,184.04
EURJPY,2026-01-02,183.814,184.431,183.715
EURJPY,2026-01-04,183.776,183.84,183.508
EURJPY,2026-01-05,183.47,184.064,182.814
EURJPY,2026-01-06,183.1,183.65,183.014
EURJPY,2026-01-07,182.988,183.376,182.71
EURJPY,2026-01-08,182.888,183.252,182.636
EURJPY,2026-01-09,183.774,183.956,182.885
EURJPY,2026-01-11,183.82,183.924,183.773
EURJPY,2026-01-12,184.322,184.671,183.753
EURJPY,2026-01-13,185.344,185.544,184.298
EURJPY,2026-01-14,184.483,185.574,184.259
EURJPY,2026-01-15,184.114,184.638,183.866
EURJPY,2026-01-16,183.375,184.162,183.205
EURJPY,2026-01-18,183.15,183.207,182.762
EURJPY,2026-01-19,184.096,184.195,183.004
EURJPY,2026-01-20,185.47,185.51,183.774
EURJPY,2026-01-21,184.971,185.542,184.822
EURJPY,2026-01-22,186.284,186.334,184.807
EURJPY,2026-01-23,184.224,186.874,183.793
EURJPY,2026-01-25,184.013,184.106,183.162
EURJPY,2026-01-26,183.322,184.094,181.786
EURJPY,2026-01-27,183.348,183.78,182.106
EURJPY,2026-01-28,183.41,183.575,182.577
EURJPY,2026-01-29,183.272,183.746,182.086
EURJPY,2026-01-30,183.432,184.072,183.046
EURJPY,2026-02-01,183.886,184.197,183.564
EURJPY,2026-02-02,183.442,184.28,183.19
EURJPY,2026-02-03,184.096,184.202,183.435
EURJPY,2026-02-04,185.174,185.278,184.034
EURJPY,2026-02-05,184.665,185.508,184.56
EURJPY,2026-02-06,185.81,185.813,184.36
EURJPY,2026-02-08,185.994,186.234,185.478
EURJPY,2026-02-09,185.859,186.015,184.864
EURJPY,2026-02-10,183.67,186.001,183.449
EURJPY,2026-02-11,182.003,183.682,181.34
EURJPY,2026-02-12,181.352,182.54,180.808
EURJPY,2026-02-13,181.232,182.284,181.205
EURJPY,2026-02-15,181.326,181.368,181.182
EURJPY,2026-02-16,181.976,182.3,181.291
EURJPY,2026-02-17,181.475,182.012,180.82
EURJPY,2026-02-18,182.364,182.548,181.416
EURJPY,2026-02-19,182.654,183.159,182.015
EURJPY,2026-02-20,182.714,183.11,182.224
EURJPY,2026-02-22,182.644,182.805,182.57
EURJPY,2026-02-23,182.394,182.814,181.995
EURJPY,2026-02-24,183.568,184.186,182.37
EURJPY,2026-02-25,184.518,184.776,183.202
EURJPY,2026-02-26,183.969,184.586,183.826
EURJPY,2026-02-27,184.428,184.552,183.702
EURJPY,2026-03-01,184.19,184.23,183.73
EURJPY,2026-03-02,183.926,184.696,183.748
EURJPY,2026-03-03,183.18,184.337,182.026
EURJPY,2026-03-04,182.645,183.231,182.376
EURJPY,2026-03-05,182.884,183.094,182.112
EURJPY,2026-03-06,183.334,183.391,182.37
EURJPY,2026-03-08,182.548,182.849,182.4
EURJPY,2026-03-09,183.399,183.634,182.469
EURJPY,2026-03-10,183.587,183.769,183.057
EURJPY,2026-03-11,183.634,184.081,183.538
EURJPY,2026-03-12,183.466,183.733,183.224
EURJPY,2026-03-13,182.358,183.652,182.261
EURJPY,2026-03-15,182.468,182.502,182.272
EURJPY,2026-03-16,182.981,183.182,181.874
EURJPY,2026-03-17,183.4,183.548,182.822
EURJPY,2026-03-18,183.214,183.831,182.987
EURJPY,2026-03-19,182.832,183.44,182.053
EURJPY,2026-03-20,184.241,184.259,182.597
EURJPY,2026-03-22,184.008,184.21,183.616
EURJPY,2026-03-23,183.971,184.34,183.18
EURJPY,2026-03-24,184.323,184.366,183.625
EURJPY,2026-03-25,184.281,184.606,184.04
EURJPY,2026-03-26,184.238,184.481,183.972
EURJPY,2026-03-27,184.537,184.659,183.866
EURJPY,2026-03-29,184.142,184.517,184.128
EURJPY,2026-03-30,183.128,184.159,182.594
EURJPY,2026-03-31,183.496,183.65,182.828
EURJPY,2026-04-01,183.92,184.25,183.364
EURJPY,2026-04-02,184.067,184.205,183.498
EURJPY,2026-04-03,183.861,184.276,183.701
EURJPY,2026-04-05,183.906,184.087,183.714
EURJPY,2026-04-06,184.304,184.462,183.704
EURJPY,2026-04-07,185.488,185.556,184.264
EURJPY,2026-04-08,184.98,185.494,184.81
EURJPY,2026-04-09,186.008,186.234,184.924
EURJPY,2026-04-10,186.755,186.884,185.944
EURJPY,2026-04-12,186.426,186.596,186.206
EURJPY,2026-04-13,187.356,187.527,186.4
EURJPY,2026-04-14,187.364,187.54,187.085
EURJPY,2026-04-15,187.516,187.698,187.105
EURJPY,2026-04-16,187.561,187.597,187.104
EURJPY,2026-04-17,186.595,187.954,186.319
EURJPY,2026-04-19,186.832,186.872,186.321
EURJPY,2026-04-20,187.194,187.294,186.743
EURJPY,2026-04-21,187.182,187.367,186.994
EURJPY,2026-04-22,186.692,187.328,186.592
EURJPY,2026-04-23,186.654,186.97,186.438
EURJPY,2026-04-24,186.734,186.883,186.44
EURJPY,2026-04-26,186.812,186.86,186.649
EURJPY,2026-04-27,186.796,187.11,186.7
EURJPY,2026-04-28,186.908,186.952,186.072
EURJPY,2026-04-29,187.207,187.428,186.694
EURJPY,2026-04-30,184.16,187.559,182.296
EURJPY,2026-05-01,184.149,184.589,182.64
EURJPY,2026-05-03,184.0,184.23,183.928
EURJPY,2026-05-04,183.826,184.407,182.8
EURJPY,2026-05-05,184.716,184.8,183.67
EURJPY,2026-05-06,183.884,185.044,182.048
EURJPY,2026-05-07,183.998,184.244,183.502
EURJPY,2026-05-08,184.646,184.746,183.934
EURJPY,2026-05-10,184.592,184.63,184.012
EURJPY,2026-05-11,185.206,185.301,184.585
EURJPY,2026-05-12,185.03,185.462,184.444
EURJPY,2026-05-13,184.946,185.158,184.63
EURJPY,2026-05-14,184.704,185.052,184.038
EURJPY,2026-05-15,184.58,184.746,184.177
EURJPY,2026-05-17,184.488,184.608,184.32
EURJPY,2026-05-18,185.162,185.218,184.46
EURJPY,2026-05-19,184.602,185.213,184.208
EURJPY,2026-05-20,184.71,184.788,184.274
EURJPY,2026-05-21,184.758,184.943,184.394
EURJPY,2026-05-22,184.718,184.86,184.45
EURJPY,2026-05-24,185.056,185.074,184.774
EURJPY,2026-05-25,184.964,185.142,184.845
EURJPY,2026-05-26,185.315,185.363,184.884
EURJPY,2026-05-27,185.387,185.789,185.276
EURJPY,2026-05-28,185.594,185.658,184.899
EURJPY,2026-05-29,185.748,185.983,185.188
EURJPY,2026-05-31,185.64,185.822,185.63
EURJPY,2026-06-01,185.757,185.981,185.394
EURJPY,2026-06-02,185.922,186.204,185.7
EURJPY,2026-06-03,185.686,186.011,185.114
EURJPY,2026-06-04,185.794,186.116,185.352
EURJPY,2026-06-05,184.727,186.209,184.498
EURJPY,2026-06-07,184.742,184.75,184.429
EURJPY,2026-06-08,184.659,185.0,183.977
EURJPY,2026-06-09,185.014,185.468,184.607
EURJPY,2026-06-10,185.18,185.576,184.958
EURJPY,2026-06-11,185.369,185.473,184.659
EURJPY,2026-06-12,185.338,185.557,185.166
EURJPY,2026-06-14,185.604,185.701,185.279
EURJPY,2026-06-15,185.746,186.058,185.592
EURJPY,2026-06-16,186.253,186.322,185.456
EURJPY,2026-06-17,184.81,186.318,184.541
EURJPY,2026-06-18,184.822,185.374,184.292
EURJPY,2026-06-19,185.012,185.14,184.303
EURJPY,2026-06-21,185.048,185.113,184.787
EURJPY,2026-06-22,184.63,185.398,184.382
EURJPY,2026-06-23,183.887,184.846,183.781
EURJPY,2026-06-24,183.68,183.894,183.171
EURJPY,2026-06-25,183.839,184.104,183.406
EURJPY,2026-06-26,184.162,184.83,183.721
EURJPY,2026-06-28,184.206,184.321,184.116
EURJPY,2026-06-29,184.906,185.1,184.126
EURJPY,2026-06-30,185.618,185.866,184.646
EURJPY,2026-07-01,184.944,185.714,184.857
EURJPY,2026-07-02,184.423,185.091,183.76
EURJPY,2026-07-03,184.571,184.618,183.925
EURJPY,2026-07-05,184.659,184.69,184.479
EURJPY,2026-07-06,185.462,185.57,184.66
EURJPY,2026-07-07,185.12,185.532,184.804
EURJPY,2026-07-08,185.644,185.714,185.072
EURJPY,2026-07-09,185.637,185.818,185.528
EURJPY,2026-07-10,184.591,185.682,184.466
EURJPY,2026-07-12,184.62,184.686,184.392
EURJPY,2026-07-13,184.895,185.472,184.545
EURJPY,2026-07-14,185.298,185.494,184.766
EURJPY,2026-07-15,185.909,186.002,185.212
EURJPY,2026-07-16,185.858,186.036,185.718
EURJPY,2026-07-17,185.772,185.964,185.484
EURJPY,2026-07-19,185.72,185.805,185.592
EURJPY,2026-07-20,185.497,185.878,185.348
EURJPY,2026-07-21,186.074,186.124,185.408
EURJPY,2026-07-22,186.108,186.211,185.735
EURJPY,2026-07-23,186.394,186.666,186.046
EURJPY,2026-07-24,186.307,186.606,186.231
EURJPY,2026-07-26,186.443,186.534,186.352
EURJPY,2026-07-27,186.205,186.738,186.116
EURJPY,2026-07-28,186.584,186.688,186.046
EURJPY,2026-07-29,187.262,187.478,186.188
EURJPY,2026-07-30,184.588,187.428,182.107
EURJPY,2026-07-31,181.551,185.17,181.4
EURJPY,2026-08-02,181.915,182.239,181.381
EURJPY,2026-08-03,181.282,182.154,179.369
EURJPY,2026-08-04,181.872,181.988,181.004
EURJPY,2026-08-05,182.154,182.294,181.54
EURJPY,2026-08-06,182.576,182.644,182.094
EURJPY,2026-08-07,182.396,182.694,181.312
EURJPY,2026-08-09,182.476,182.53,182.288
EURJPY,2026-08-10,183.768,183.94,182.442
EURJPY,2026-08-11,183.86,183.92,183.553
EURJPY,2026-08-12,183.68,183.969,183.154
EURJPY,2026-08-13,183.89,183.946,183.44
EURJPY,2026-08-14,184.345,184.454,183.604
EURJPY,2026-08-16,184.288,184.372,184.205
EURJPY,2026-08-17,184.554,184.77,184.12
EURJPY,2026-08-18,184.704,184.912,184.546
EURJPY,2026-08-19,184.764,184.942,183.926
EURJPY,2026-08-20,185.71,185.837,184.728
EURJPY,2026-09-07,179.82899475097656,181.4759979248047,179.22000122070312
US2000,2025-12-31,2486.84,2507.364,2483.89
US2000,2026-01-01,2491.358,2493.008,2489.508
US2000,2026-01-02,2509.36,2513.66,2480.708
US2000,2026-01-04,2510.753,2512.903,2508.003
US2000,2026-01-05,2546.734,2558.95,2504.853
US2000,2026-01-06,2582.996,2586.146,2537.934
US2000,2026-01-07,2573.85,2591.346,2562.196
US2000,2026-01-08,2608.095,2613.33,2560.9
US2000,2026-01-09,2624.0,2637.25,2601.395
US2000,2026-01-11,2623.699,2624.499,2617.449
US2000,2026-01-12,2630.947,2638.75,2603.249
US2000,2026-01-13,2635.841,2662.947,2625.797
US2000,2026-01-14,2647.451,2657.14,2623.191
US2000,2026-01-15,2679.62,2692.95,2644.851
US2000,2026-01-16,2681.12,2693.77,2668.07
US2000,2026-01-18,2660.17,2662.67,2654.52
US2000,2026-01-19,2651.1,2660.32,2636.77
US2000,2026-01-20,2649.5,2672.6,2619.85
US2000,2026-01-21,2703.412,2708.88,2640.65
US2000,2026-01-22,2719.89,2738.8,2700.062
US2000,2026-01-23,2661.4,2726.84,2660.55
US2000,2026-01-25,2653.87,2655.22,2637.92
US2000,2026-01-26,2660.42,2687.92,2650.92
US2000,2026-01-27,2669.356,2673.57,2648.37
US2000,2026-01-28,2648.27,2688.706,2647.02
US2000,2026-01-29,2647.57,2672.17,2615.02
US2000,2026-01-30,2619.2,2650.37,2599.22
US2000,2026-02-01,2615.406,2617.056,2597.756
US2000,2026-02-02,2644.055,2658.746,2567.656
US2000,2026-02-03,2649.281,2671.505,2605.805
US2000,2026-02-04,2632.633,2667.581,2591.681
US2000,2026-02-05,2572.364,2641.283,2570.95
US2000,2026-02-06,2668.71,2677.66,2560.264
US2000,2026-02-08,2678.61,2682.41,2674.56
US2000,2026-02-09,2686.028,2697.88,2652.36
US2000,2026-02-10,2687.273,2706.34,2679.59
US2000,2026-02-11,2670.197,2714.223,2641.173
US2000,2026-02-12,2616.647,2695.097,2603.94
US2000,2026-02-13,2647.28,2670.63,2601.697
US2000,2026-02-15,2648.53,2649.28,2642.13
US2000,2026-02-16,2642.36,2659.63,2637.08
US2000,2026-02-17,2641.922,2662.82,2608.71
US2000,2026-02-18,2658.569,2688.222,2637.222
US2000,2026-02-19,2664.177,2667.23,2629.119
US2000,2026-02-20,2665.63,2691.377,2636.977
US2000,2026-02-22,2655.48,2661.08,2651.38
US2000,2026-02-23,2624.774,2662.43,2599.6
US2000,2026-02-24,2652.107,2660.224,2617.024
US2000,2026-02-25,2659.996,2675.307,2642.857
US2000,2026-02-26,2654.648,2680.93,2639.48
US2000,2026-02-27,2626.82,2663.198,2615.148
US2000,2026-03-01,2590.713,2605.413,2589.663
US2000,2026-03-02,2649.494,2660.363,2570.213
US2000,2026-03-03,2603.031,2650.744,2548.844
US2000,2026-03-04,2636.648,2647.281,2580.631
US2000,2026-03-05,2592.09,2643.098,2558.16
US2000,2026-03-06,2522.36,2601.34,2514.54
US2000,2026-03-08,2432.36,2480.86,2419.01
US2000,2026-03-09,2533.719,2563.23,2414.96
US2000,2026-03-10,2551.71,2593.15,2522.619
US2000,2026-03-11,2505.538,2565.16,2499.138
US2000,2026-03-12,2488.921,2525.988,2475.438
US2000,2026-03-13,2474.08,2520.521,2468.821
US2000,2026-03-15,2487.594,2494.394,2467.494
US2000,2026-03-16,2500.42,2528.794,2481.244
US2000,2026-03-17,2517.416,2536.42,2474.57
US2000,2026-03-18,2474.08,2548.566,2468.75
US2000,2026-03-19,2508.303,2521.37,2440.03
US2000,2026-03-20,2450.76,2516.453,2421.46
US2000,2026-03-22,2432.806,2445.106,2415.006
US2000,2026-03-23,2501.242,2559.406,2400.006
US2000,2026-03-24,2537.224,2553.45,2463.742
US2000,2026-03-25,2531.936,2551.124,2514.924
US2000,2026-03-26,2510.377,2544.22,2490.87
US2000,2026-03-27,2443.51,2517.727,2439.26
US2000,2026-03-29,2422.011,2434.411,2420.411
US2000,2026-03-30,2404.682,2485.061,2402.082
US2000,2026-03-31,2505.519,2508.582,2395.582
US2000,2026-04-01,2513.031,2542.96,2497.119
US2000,2026-04-02,2529.29,2531.04,2453.731
US2000,2026-04-03,2516.69,2537.84,2511.39
US2000,2026-04-05,2508.951,2510.651,2497.451
US2000,2026-04-06,2534.209,2548.72,2508.301
US2000,2026-04-07,2631.152,2633.252,2512.259
US2000,2026-04-08,2619.184,2652.202,2603.352
US2000,2026-04-09,2634.305,2649.92,2602.334
US2000,2026-04-10,2636.96,2659.605,2623.21
US2000,2026-04-12,2591.573,2600.773,2580.573
US2000,2026-04-13,2677.318,2682.418,2588.773
US2000,2026-04-14,2708.032,2715.718,2673.818
US2000,2026-04-15,2719.697,2720.447,2697.42
US2000,2026-04-16,2726.834,2728.584,2701.597
US2000,2026-04-17,2778.33,2797.93,2722.334
US2000,2026-04-19,2747.862,2754.762,2735.612
US2000,2026-04-20,2798.64,2802.04,2745.012
US2000,2026-04-21,2784.187,2819.74,2758.89
US2000,2026-04-22,2781.296,2801.737,2770.78
US2000,2026-04-23,2775.707,2800.246,2740.446
US2000,2026-04-24,2787.47,2801.457,2761.357
US2000,2026-04-26,2776.77,2779.97,2770.77
US2000,2026-04-27,2797.11,2803.12,2776.07
US2000,2026-04-28,2764.205,2799.91,2747.66
US2000,2026-04-29,2736.451,2768.955,2722.04
US2000,2026-04-30,2803.529,2806.87,2717.151
US2000,2026-05-01,2804.78,2816.28,2783.679
US2000,2026-05-03,2817.11,2822.31,2814.81
US2000,2026-05-04,2796.041,2825.91,2778.01
US2000,2026-05-05,2852.667,2862.067,2794.341
US2000,2026-05-06,2882.379,2910.417,2846.667
US2000,2026-05-07,2840.595,2899.879,2830.36
US2000,2026-05-08,2860.88,2868.63,2837.645
US2000,2026-05-10,2847.08,2852.38,2838.88
US2000,2026-05-11,2873.714,2888.93,2841.78
US2000,2026-05-12,2838.435,2873.914,2801.314
US2000,2026-05-13,2846.92,2856.185,2817.935
US2000,2026-05-14,2855.69,2875.75,2838.47
US2000,2026-05-15,2787.95,2857.39,2782.1
US2000,2026-05-17,2782.545,2793.945,2774.545
US2000,2026-05-18,2780.093,2811.145,2756.35
US2000,2026-05-19,2749.339,2788.793,2723.043
US2000,2026-05-20,2805.789,2818.59,2735.589
US2000,2026-05-21,2848.574,2854.04,2788.089
US2000,2026-05-22,2861.68,2882.28,2837.824
US2000,2026-05-24,2893.53,2896.63,2888.68
US2000,2026-05-25,2905.676,2917.93,2891.93
US2000,2026-05-26,2927.735,2928.935,2890.676
US2000,2026-05-27,2917.304,2947.835,2909.785
US2000,2026-05-28,2933.635,2945.27,2895.204
US2000,2026-05-29,2916.31,2938.985,2898.985
US2000,2026-05-31,2924.069,2925.569,2913.469
US2000,2026-06-01,2897.556,2931.319,2878.519
US2000,2026-06-02,2926.332,2935.406,2886.206
US2000,2026-06-03,2889.92,2932.882,2884.39
US2000,2026-06-04,2923.244,2945.9,2882.57
US2000,2026-06-05,2815.47,2929.494,2810.12
US2000,2026-06-07,2829.966,2831.966,2805.916
US2000,2026-06-08,2853.334,2883.666,2821.166
US2000,2026-06-09,2858.886,2925.084,2792.084
US2000,2026-06-10,2818.653,2906.686,2812.053
US2000,2026-06-11,2928.77,2931.17,2817.903
US2000,2026-06-12,2948.7,2973.15,2909.07
US2000,2026-06-14,2991.3,3000.4,2983.9
US2000,2026-06-15,2966.544,3003.85,2961.994
US2000,2026-06-16,2946.11,2991.694,2939.1
US2000,2026-06-17,2949.499,2982.93,2911.93
US2000,2026-06-18,2973.93,2984.68,2936.199
US2000,2026-06-19,2975.48,2982.03,2948.43
US2000,2026-06-21,2952.721,2968.121,2950.621
US2000,2026-06-22,3002.167,3018.321,2951.821
US2000,2026-06-23,2982.128,3008.917,2945.667
US2000,2026-06-24,3005.371,3021.978,2971.178
US2000,2026-06-25,3011.164,3042.471,2991.371
US2000,2026-06-26,3005.17,3024.764,2980.514
US2000,2026-06-28,3021.291,3026.191,3005.741
US2000,2026-06-29,3008.022,3021.341,2969.141
US2000,2026-06-30,3023.215,3032.82,2997.422
US2000,2026-07-01,3011.961,3050.315,3005.715
US2000,2026-07-02,2996.86,3044.761,2971.46
US2000,2026-07-03,3007.21,3008.26,2994.01
US2000,2026-07-05,3007.692,3007.792,2995.842
US2000,2026-07-06,3012.871,3026.21,2989.542
US2000,2026-07-07,2977.108,3026.671,2972.871
US2000,2026-07-08,2953.789,2988.808,2928.37
US2000,2026-07-09,2989.808,2999.78,2952.839
US2000,2026-07-10,2982.51,3004.208,2955.758
US2000,2026-07-12,2965.781,2971.531,2959.831
US2000,2026-07-13,2951.455,2980.981,2945.555
US2000,2026-07-14,2971.224,3014.205,2942.105
US2000,2026-07-15,2980.192,2992.874,2962.174
US2000,2026-07-16,2973.627,2999.542,2959.442
US2000,2026-07-17,2957.79,2981.377,2936.127
US2000,2026-07-19,2958.72,2959.27,2947.87
US2000,2026-07-20,2943.77,2985.47,2937.92
US2000,2026-07-21,2984.22,2986.62,2938.92
US2000,2026-07-22,2957.04,2985.57,2950.89
US2000,2026-07-23,2935.17,2967.49,2920.54
US2000,2026-07-24,2933.87,2958.32,2923.27
US2000,2026-07-26,2966.08,2966.33,2954.98
US2000,2026-07-27,2948.61,2974.58,2929.98
US2000,2026-07-28,2964.547,2965.497,2923.26
US2000,2026-07-29,2909.727,2968.497,2892.89
US2000,2026-07-30,2950.922,2953.272,2901.327
US2000,2026-07-31,2921.43,2967.172,2896.372
US2000,2026-08-02,2944.578,2951.628,2941.378
US2000,2026-08-03,2988.363,2988.513,2939.628
US2000,2026-08-04,3042.132,3045.632,2977.813
US2000,2026-08-05,3020.981,3049.982,3015.032
US2000,2026-08-06,3002.2,3032.631,2998.33
US2000,2026-08-07,3034.75,3039.95,2995.4
US2000,2026-08-09,3025.621,3031.121,3025.521
US2000,2026-08-10,3014.728,3037.421,3009.071
US2000,2026-08-11,3029.522,3039.078,3013.428
US2000,2026-08-12,3048.202,3052.572,3026.422
US2000,2026-08-13,3051.725,3069.852,3046.052
US2000,2026-08-14,3065.32,3070.12,3045.225
US2000,2026-08-16,3069.283,3070.133,3065.433
US2000,2026-08-17,3058.569,3072.783,3049.333
US2000,2026-08-18,3019.556,3060.469,3018.156
US2000,2026-08-19,3036.902,3053.256,3013.806
US2000,2026-08-20,2996.094,3042.752,2987.92
US2000,2026-09-04,2975.64990234375,2976.659912109375,2951.0400390625
UK100,2025-11-05,9796.6,9816.3,9650.2
UK100,2025-11-06,9720.0,9796.6,9710.6
UK100,2025-11-07,9739.0,9745.3,9645.0
UK100,2025-11-10,9854.6,9859.3,9734.0
UK100,2025-11-11,9913.0,9928.0,9854.3
UK100,2025-11-12,9907.2,9943.2,9887.2
UK100,2025-11-13,9752.6,9924.8,9745.6
UK100,2025-11-14,9695.0,9790.3,9614.3
UK100,2025-11-17,9637.0,9714.0,9615.6
UK100,2025-11-18,9583.6,9637.3,9520.0
UK100,2025-11-19,9557.6,9580.0,9508.0
UK100,2025-11-20,9446.6,9598.8,9441.1
UK100,2025-11-21,9574.6,9600.1,9426.1
UK100,2025-11-24,9543.8,9599.4,9513.6
UK100,2025-11-25,9646.3,9654.3,9518.6
UK100,2025-11-26,9698.6,9719.8,9598.3
UK100,2025-11-27,9701.8,9704.6,9658.6
UK100,2025-11-28,9714.8,9744.4,9694.4
UK100,2025-12-01,9690.4,9736.1,9685.8
UK100,2025-12-02,9711.3,9745.6,9681.6
UK100,2025-12-03,9712.1,9718.4,9681.8
UK100,2025-12-04,9711.8,9732.6,9677.3
UK100,2025-12-05,9663.0,9740.3,9660.3
UK100,2025-12-08,9641.2,9684.2,9627.4
UK100,2025-12-09,9613.4,9677.2,9611.0
UK100,2025-12-10,9686.3,9695.3,9609.7
UK100,2025-12-11,9723.4,9737.2,9634.3
UK100,2025-12-12,9662.2,9765.0,9634.2
UK100,2025-12-15,9757.6,9776.4,9669.7
UK100,2025-12-16,9686.5,9764.6,9658.5
UK100,2025-12-17,9771.8,9860.8,9677.5
UK100,2025-12-18,9826.0,9874.3,9767.3
UK100,2025-12-19,9898.8,9941.6,9817.3
UK100,2025-12-22,9890.8,9924.3,9849.8
UK100,2025-12-23,9900.6,9921.0,9861.8
UK100,2025-12-24,9885.3,9913.6,9875.6
UK100,2025-12-29,9889.9,9915.6,9873.4
UK100,2025-12-30,9961.9,9973.6,9872.6
UK100,2025-12-31,9964.9,9975.6,9927.4
UK100,2026-01-02,10018.0,10063.2,9921.2
UK100,2026-01-05,10046.8,10050.8,9969.7
UK100,2026-01-06,10126.8,10180.0,10043.8
UK100,2026-01-07,10045.6,10136.3,10034.6
UK100,2026-01-08,10097.8,10098.3,10011.2
UK100,2026-01-09,10158.3,10162.3,10074.8
UK100,2026-01-12,10167.3,10170.8,10112.6
UK100,2026-01-13,10165.8,10173.6,10113.3
UK100,2026-01-14,10238.6,10240.6,10154.3
UK100,2026-01-15,10244.4,10270.8,10188.6
UK100,2026-01-16,10271.8,10278.0,10230.7
UK100,2026-01-19,10200.2,10248.5,10166.8
UK100,2026-01-20,10119.2,10208.2,10066.5
UK100,2026-01-21,10226.2,10240.8,10110.0
UK100,2026-01-22,10163.5,10244.8,10157.0
UK100,2026-01-23,10165.6,10198.5,10132.0
UK100,2026-01-26,10175.0,10201.3,10135.3
UK100,2026-01-27,10206.2,10245.4,10175.3
UK100,2026-01-28,10178.6,10249.4,10156.1
UK100,2026-01-29,10226.6,10293.9,10156.9
UK100,2026-01-30,10244.6,10254.2,10147.2
UK100,2026-02-02,10345.6,10379.4,10130.6
UK100,2026-02-03,10311.4,10382.1,10238.7
UK100,2026-02-04,10417.2,10493.7,10313.7
UK100,2026-02-05,10267.2,10435.7,10262.2
UK100,2026-02-06,10418.4,10419.4,10230.2
UK100,2026-02-09,10402.1,10429.4,10321.8
UK100,2026-02-10,10374.6,10432.8,10335.8
UK100,2026-02-11,10520.6,10534.6,10374.6
UK100,2026-02-12,10435.7,10551.4,10383.0
UK100,2026-02-13,10453.7,10467.4,10382.0
UK100,2026-02-16,10469.0,10494.2,10439.7
UK100,2026-02-17,10574.2,10592.2,10447.0
UK100,2026-02-18,10710.2,10721.2,10562.7
UK100,2026-02-19,10680.9,10707.2,10597.0
UK100,2026-02-20,10735.4,10764.6,10654.6
UK100,2026-02-23,10683.4,10743.8,10657.2
UK100,2026-02-24,10714.0,10726.3,10645.0
UK100,2026-02-25,10814.8,10824.8,10701.0
UK100,2026-02-26,10856.3,10870.3,10786.8
UK100,2026-02-27,10877.3,10935.3,10840.0
UK100,2026-03-02,10801.8,10863.6,10728.8
UK100,2026-03-03,10534.0,10785.8,10406.3
UK100,2026-03-04,10628.0,10637.8,10440.6
UK100,2026-03-05,10400.0,10638.0,10342.0
UK100,2026-03-06,10316.3,10481.3,10230.0
UK100,2026-03-09,10336.8,10389.8,10073.3
UK100,2026-03-10,10387.0,10478.0,10279.0
UK100,2026-03-11,10342.4,10425.0,10292.0
UK100,2026-03-12,10289.2,10345.8,10241.8
UK100,2026-03-13,10238.8,10366.2,10193.2
UK100,2026-03-16,10347.8,10381.1,10250.2
UK100,2026-03-17,10373.8,10441.5,10304.1
UK100,2026-03-18,10228.0,10451.8,10221.0
UK100,2026-03-19,10080.2,10250.2,9991.4
UK100,2026-03-20,9845.6,10137.5,9802.8
UK100,2026-03-23,9957.4,10051.1,9678.4
UK100,2026-03-24,10016.6,10042.8,9836.6
UK100,2026-03-25,10116.4,10143.4,10010.6
UK100,2026-03-26,9959.6,10110.4,9938.6
UK100,2026-03-27,9913.3,10037.6,9888.2
UK100,2026-03-30,10081.2,10168.0,9865.6
UK100,2026-03-31,10286.4,10295.2,10037.2
UK100,2026-04-01,10434.2,10434.4,10277.2
UK100,2026-04-02,10464.2,10476.7,10264.7
UK100,2026-04-07,10420.2,10526.0,10340.6
UK100,2026-04-08,10694.6,10735.9,10569.2
UK100,2026-04-09,10610.7,10665.4,10560.7
UK100,2026-04-10,10605.9,10671.4,10578.4
UK100,2026-04-13,10618.9,10627.2,10504.4
UK100,2026-04-14,10635.2,10652.9,10576.2
UK100,2026-04-15,10564.7,10650.9,10554.0
UK100,2026-04-16,10594.8,10654.3,10556.8
UK100,2026-04-17,10704.0,10704.0,10553.6
UK100,2026-04-20,10620.6,10644.3,10591.2
UK100,2026-04-21,10443.6,10644.6,10441.2
UK100,2026-04-22,10486.8,10531.2,10462.6
UK100,2026-04-23,10416.0,10477.8,10347.0
UK100,2026-04-24,10393.0,10454.8,10365.0
UK100,2026-04-27,10330.3,10418.0,10324.3
UK100,2026-04-28,10315.0,10392.0,10295.6
UK100,2026-04-29,10204.4,10341.2,10177.4
UK100,2026-04-30,10364.8,10391.1,10182.8
UK100,2026-05-01,10364.5,10391.2,10285.0
UK100,2026-05-05,10265.2,10310.8,10158.5
UK100,2026-05-06,10447.8,10486.5,10291.0
UK100,2026-05-07,10214.8,10469.6,10206.0
UK100,2026-05-08,10263.7,10282.4,10183.6
UK100,2026-05-11,10242.7,10290.4,10222.4
UK100,2026-05-12,10283.2,10296.4,10150.4
UK100,2026-05-13,10356.0,10360.2,10238.4
UK100,2026-05-14,10355.8,10402.8,10301.4
UK100,2026-05-15,10193.0,10367.1,10158.6
UK100,2026-05-18,10355.9,10356.9,10109.6
UK100,2026-05-19,10299.6,10416.4,10294.4
UK100,2026-05-20,10450.6,10467.1,10239.1
UK100,2026-05-21,10500.3,10526.0,10351.2
UK100,2026-05-22,10447.6,10526.0,10443.2
UK100,2026-05-26,10512.6,10561.9,10484.9
UK100,2026-05-27,10492.4,10528.6,10465.4
UK100,2026-05-28,10412.3,10483.8,10381.8
UK100,2026-05-29,10378.6,10467.2,10372.9
UK100,2026-06-01,10335.9,10414.6,10290.4
UK100,2026-06-02,10388.0,10400.9,10302.6
UK100,2026-06-03,10308.6,10396.3,10307.8
UK100,2026-06-04,10396.6,10403.0,10238.4
UK100,2026-06-05,10343.6,10420.6,10318.0
UK100,2026-06-08,10356.0,10412.8,10289.3
UK100,2026-06-09,10298.5,10377.5,10185.2
UK100,2026-06-10,10195.8,10308.5,10126.5
UK100,2026-06-11,10407.7,10419.0,10152.2
UK100,2026-06-12,10463.2,10483.4,10366.0
UK100,2026-06-15,10411.4,10568.4,10398.4
UK100,2026-06-16,10469.4,10525.0,10404.4
UK100,2026-06-17,10447.4,10514.6,10433.6
UK100,2026-06-18,10420.6,10494.5,10377.6
UK100,2026-06-19,10384.8,10425.6,10361.0
UK100,2026-06-22,10451.4,10475.7,10361.8
UK100,2026-06-23,10461.8,10499.2,10346.0
UK100,2026-06-24,10476.3,10496.3,10401.5
UK100,2026-06-25,10545.0,10604.2,10436.0
UK100,2026-06-26,10505.1,10553.8,10428.4
UK100,2026-06-29,10540.2,10555.6,10494.2
UK100,2026-06-30,10535.0,10633.0,10510.0
UK100,2026-07-01,10488.4,10528.0,10440.7
UK100,2026-07-02,10689.8,10710.6,10448.4
UK100,2026-07-03,10654.2,10721.4,10612.6
UK100,2026-07-06,10680.2,10745.6,10626.9
UK100,2026-07-07,10671.8,10760.6,10651.4
UK100,2026-07-08,10514.8,10694.0,10476.0
UK100,2026-07-09,10480.0,10534.6,10400.6
UK100,2026-07-10,10543.6,10558.3,10460.0
UK100,2026-07-13,10511.3,10543.0,10460.3
UK100,2026-07-14,10497.6,10564.3,10428.8
UK100,2026-07-15,10488.0,10552.0,10446.8
UK100,2026-07-16,10575.3,10591.3,10441.3
UK100,2026-07-17,10583.8,10629.3,10500.8
UK100,2026-07-20,10463.6,10598.6,10452.0
UK100,2026-07-21,10604.0,10611.4,10442.3
UK100,2026-07-22,10724.1,10772.4,10564.0
UK100,2026-07-23,10609.4,10739.2,10597.0
UK100,2026-07-24,10725.0,10752.2,10581.0
UK100,2026-07-27,10800.0,10837.0,10721.2
UK100,2026-07-28,10907.4,10926.6,10763.7
UK100,2026-07-29,10830.6,10959.4,10828.4
UK100,2026-07-30,10949.4,10982.8,10796.4
UK100,2026-07-31,10874.4,10997.2,10834.6
UK100,2026-08-03,10882.4,10925.4,10843.4
UK100,2026-08-04,10914.4,10942.2,10874.9
UK100,2026-08-05,10899.2,10964.4,10849.0
UK100,2026-08-06,10862.5,10952.8,10859.2
UK100,2026-08-07,10901.0,10967.0,10847.5
UK100,2026-08-10,10862.6,10904.8,10831.6
UK100,2026-08-11,10834.0,10902.0,10817.6
UK100,2026-08-12,10856.8,10871.8,10815.2
UK100,2026-08-13,10798.6,10840.8,10756.3
UK100,2026-08-14,10758.8,10805.6,10722.6
UK100,2026-08-17,10736.5,10797.8,10715.0
UK100,2026-08-18,10731.6,10788.6,10706.8
UK100,2026-08-19,10755.3,10773.6,10703.3
UK100,2026-08-20,10745.2,10772.6,10687.4
UK100,2026-09-07,10857.3701171875,10857.41015625,10794.169921875
